rid,Stand_ID,model climate name,soil,stand_age,distance,species
1,LP_S_LOW_E_HIST_1,low_0_hist,rhyolite,10,50,LPS
2,LP_S_LOW_E_HIST_2,low_0_hist,rhyolite,10,500,LPS
3,LP_S_LOW_E_HIST_3,low_0_hist,rhyolite,10,1000,LPS
4,LP_S_LOW_E_HIST_4,low_0_hist,rhyolite,20,50,LPS
5,LP_S_LOW_E_HIST_5,low_0_hist,rhyolite,20,500,LPS
6,LP_S_LOW_E_HIST_6,low_0_hist,rhyolite,20,1000,LPS
7,LP_S_LOW_E_HIST_7,low_0_hist,rhyolite,50,50,LPS
8,LP_S_LOW_E_HIST_8,low_0_hist,rhyolite,50,500,LPS
9,LP_S_LOW_E_HIST_9,low_0_hist,rhyolite,50,1000,LPS
10,LP_S_LOW_E_HIST_10,low_0_hist,rhyolite,100,50,LPS
11,LP_S_LOW_E_HIST_11,low_0_hist,rhyolite,100,500,LPS
12,LP_S_LOW_E_HIST_12,low_0_hist,rhyolite,100,1000,LPS
13,LP_S_LOW_E_HIST_13,low_0_hist,andesite,10,50,LPS
14,LP_S_LOW_E_HIST_14,low_0_hist,andesite,10,500,LPS
15,LP_S_LOW_E_HIST_15,low_0_hist,andesite,10,1000,LPS
16,LP_S_LOW_E_HIST_16,low_0_hist,andesite,20,50,LPS
17,LP_S_LOW_E_HIST_17,low_0_hist,andesite,20,500,LPS
18,LP_S_LOW_E_HIST_18,low_0_hist,andesite,20,1000,LPS
19,LP_S_LOW_E_HIST_19,low_0_hist,andesite,50,50,LPS
20,LP_S_LOW_E_HIST_20,low_0_hist,andesite,50,500,LPS
21,LP_S_LOW_E_HIST_21,low_0_hist,andesite,50,1000,LPS
22,LP_S_LOW_E_HIST_22,low_0_hist,andesite,100,50,LPS
23,LP_S_LOW_E_HIST_23,low_0_hist,andesite,100,500,LPS
24,LP_S_LOW_E_HIST_24,low_0_hist,andesite,100,1000,LPS
25,LP_S_MID_E_HIST_1,med_0_hist,rhyolite,10,50,LPS
26,LP_S_MID_E_HIST_2,med_0_hist,rhyolite,10,500,LPS
27,LP_S_MID_E_HIST_3,med_0_hist,rhyolite,10,1000,LPS
28,LP_S_MID_E_HIST_4,med_0_hist,rhyolite,20,50,LPS
29,LP_S_MID_E_HIST_5,med_0_hist,rhyolite,20,500,LPS
30,LP_S_MID_E_HIST_6,med_0_hist,rhyolite,20,1000,LPS
31,LP_S_MID_E_HIST_7,med_0_hist,rhyolite,50,50,LPS
32,LP_S_MID_E_HIST_8,med_0_hist,rhyolite,50,500,LPS
33,LP_S_MID_E_HIST_9,med_0_hist,rhyolite,50,1000,LPS
34,LP_S_MID_E_HIST_10,med_0_hist,rhyolite,100,50,LPS
35,LP_S_MID_E_HIST_11,med_0_hist,rhyolite,100,500,LPS
36,LP_S_MID_E_HIST_12,med_0_hist,rhyolite,100,1000,LPS
37,LP_S_MID_E_HIST_13,med_0_hist,andesite,10,50,LPS
38,LP_S_MID_E_HIST_14,med_0_hist,andesite,10,500,LPS
39,LP_S_MID_E_HIST_15,med_0_hist,andesite,10,1000,LPS
40,LP_S_MID_E_HIST_16,med_0_hist,andesite,20,50,LPS
41,LP_S_MID_E_HIST_17,med_0_hist,andesite,20,500,LPS
42,LP_S_MID_E_HIST_18,med_0_hist,andesite,20,1000,LPS
43,LP_S_MID_E_HIST_19,med_0_hist,andesite,50,50,LPS
44,LP_S_MID_E_HIST_20,med_0_hist,andesite,50,500,LPS
45,LP_S_MID_E_HIST_21,med_0_hist,andesite,50,1000,LPS
46,LP_S_MID_E_HIST_22,med_0_hist,andesite,100,50,LPS
47,LP_S_MID_E_HIST_23,med_0_hist,andesite,100,500,LPS
48,LP_S_MID_E_HIST_24,med_0_hist,andesite,100,1000,LPS
49,LP_S_HIGH_E_HIST_1,high_0_hist,rhyolite,10,50,LPS
50,LP_S_HIGH_E_HIST_2,high_0_hist,rhyolite,10,500,LPS
51,LP_S_HIGH_E_HIST_3,high_0_hist,rhyolite,10,1000,LPS
52,LP_S_HIGH_E_HIST_4,high_0_hist,rhyolite,20,50,LPS
53,LP_S_HIGH_E_HIST_5,high_0_hist,rhyolite,20,500,LPS
54,LP_S_HIGH_E_HIST_6,high_0_hist,rhyolite,20,1000,LPS
55,LP_S_HIGH_E_HIST_7,high_0_hist,rhyolite,50,50,LPS
56,LP_S_HIGH_E_HIST_8,high_0_hist,rhyolite,50,500,LPS
57,LP_S_HIGH_E_HIST_9,high_0_hist,rhyolite,50,1000,LPS
58,LP_S_HIGH_E_HIST_10,high_0_hist,rhyolite,100,50,LPS
59,LP_S_HIGH_E_HIST_11,high_0_hist,rhyolite,100,500,LPS
60,LP_S_HIGH_E_HIST_12,high_0_hist,rhyolite,100,1000,LPS
61,LP_S_HIGH_E_HIST_13,high_0_hist,andesite,10,50,LPS
62,LP_S_HIGH_E_HIST_14,high_0_hist,andesite,10,500,LPS
63,LP_S_HIGH_E_HIST_15,high_0_hist,andesite,10,1000,LPS
64,LP_S_HIGH_E_HIST_16,high_0_hist,andesite,20,50,LPS
65,LP_S_HIGH_E_HIST_17,high_0_hist,andesite,20,500,LPS
66,LP_S_HIGH_E_HIST_18,high_0_hist,andesite,20,1000,LPS
67,LP_S_HIGH_E_HIST_19,high_0_hist,andesite,50,50,LPS
68,LP_S_HIGH_E_HIST_20,high_0_hist,andesite,50,500,LPS
69,LP_S_HIGH_E_HIST_21,high_0_hist,andesite,50,1000,LPS
70,LP_S_HIGH_E_HIST_22,high_0_hist,andesite,100,50,LPS
71,LP_S_HIGH_E_HIST_23,high_0_hist,andesite,100,500,LPS
72,LP_S_HIGH_E_HIST_24,high_0_hist,andesite,100,1000,LPS
73,LP_S_LOW_E_2030_H_1,low_4.5_2030,rhyolite,10,50,LPS
74,LP_S_LOW_E_2030_H_2,low_4.5_2030,rhyolite,10,500,LPS
75,LP_S_LOW_E_2030_H_3,low_4.5_2030,rhyolite,10,1000,LPS
76,LP_S_LOW_E_2030_H_4,low_4.5_2030,rhyolite,20,50,LPS
77,LP_S_LOW_E_2030_H_5,low_4.5_2030,rhyolite,20,500,LPS
78,LP_S_LOW_E_2030_H_6,low_4.5_2030,rhyolite,20,1000,LPS
79,LP_S_LOW_E_2030_H_7,low_4.5_2030,rhyolite,50,50,LPS
80,LP_S_LOW_E_2030_H_8,low_4.5_2030,rhyolite,50,500,LPS
81,LP_S_LOW_E_2030_H_9,low_4.5_2030,rhyolite,50,1000,LPS
82,LP_S_LOW_E_2030_H_10,low_4.5_2030,rhyolite,100,50,LPS
83,LP_S_LOW_E_2030_H_11,low_4.5_2030,rhyolite,100,500,LPS
84,LP_S_LOW_E_2030_H_12,low_4.5_2030,rhyolite,100,1000,LPS
85,LP_S_LOW_E_2030_H_13,low_4.5_2030,andesite,10,50,LPS
86,LP_S_LOW_E_2030_H_14,low_4.5_2030,andesite,10,500,LPS
87,LP_S_LOW_E_2030_H_15,low_4.5_2030,andesite,10,1000,LPS
88,LP_S_LOW_E_2030_H_16,low_4.5_2030,andesite,20,50,LPS
89,LP_S_LOW_E_2030_H_17,low_4.5_2030,andesite,20,500,LPS
90,LP_S_LOW_E_2030_H_18,low_4.5_2030,andesite,20,1000,LPS
91,LP_S_LOW_E_2030_H_19,low_4.5_2030,andesite,50,50,LPS
92,LP_S_LOW_E_2030_H_20,low_4.5_2030,andesite,50,500,LPS
93,LP_S_LOW_E_2030_H_21,low_4.5_2030,andesite,50,1000,LPS
94,LP_S_LOW_E_2030_H_22,low_4.5_2030,andesite,100,50,LPS
95,LP_S_LOW_E_2030_H_23,low_4.5_2030,andesite,100,500,LPS
96,LP_S_LOW_E_2030_H_24,low_4.5_2030,andesite,100,1000,LPS
97,LP_S_MID_E_2030_H_1,mid_4.5_2030,rhyolite,10,50,LPS
98,LP_S_MID_E_2030_H_2,mid_4.5_2030,rhyolite,10,500,LPS
99,LP_S_MID_E_2030_H_3,mid_4.5_2030,rhyolite,10,1000,LPS
100,LP_S_MID_E_2030_H_4,mid_4.5_2030,rhyolite,20,50,LPS
101,LP_S_MID_E_2030_H_5,mid_4.5_2030,rhyolite,20,500,LPS
102,LP_S_MID_E_2030_H_6,mid_4.5_2030,rhyolite,20,1000,LPS
103,LP_S_MID_E_2030_H_7,mid_4.5_2030,rhyolite,50,50,LPS
104,LP_S_MID_E_2030_H_8,mid_4.5_2030,rhyolite,50,500,LPS
105,LP_S_MID_E_2030_H_9,mid_4.5_2030,rhyolite,50,1000,LPS
106,LP_S_MID_E_2030_H_10,mid_4.5_2030,rhyolite,100,50,LPS
107,LP_S_MID_E_2030_H_11,mid_4.5_2030,rhyolite,100,500,LPS
108,LP_S_MID_E_2030_H_12,mid_4.5_2030,rhyolite,100,1000,LPS
109,LP_S_MID_E_2030_H_13,mid_4.5_2030,andesite,10,50,LPS
110,LP_S_MID_E_2030_H_14,mid_4.5_2030,andesite,10,500,LPS
111,LP_S_MID_E_2030_H_15,mid_4.5_2030,andesite,10,1000,LPS
112,LP_S_MID_E_2030_H_16,mid_4.5_2030,andesite,20,50,LPS
113,LP_S_MID_E_2030_H_17,mid_4.5_2030,andesite,20,500,LPS
114,LP_S_MID_E_2030_H_18,mid_4.5_2030,andesite,20,1000,LPS
115,LP_S_MID_E_2030_H_19,mid_4.5_2030,andesite,50,50,LPS
116,LP_S_MID_E_2030_H_20,mid_4.5_2030,andesite,50,500,LPS
117,LP_S_MID_E_2030_H_21,mid_4.5_2030,andesite,50,1000,LPS
118,LP_S_MID_E_2030_H_22,mid_4.5_2030,andesite,100,50,LPS
119,LP_S_MID_E_2030_H_23,mid_4.5_2030,andesite,100,500,LPS
120,LP_S_MID_E_2030_H_24,mid_4.5_2030,andesite,100,1000,LPS
121,LP_S_HIGH_E_2030_H_1,high_4.5_2030,rhyolite,10,50,LPS
122,LP_S_HIGH_E_2030_H_2,high_4.5_2030,rhyolite,10,500,LPS
123,LP_S_HIGH_E_2030_H_3,high_4.5_2030,rhyolite,10,1000,LPS
124,LP_S_HIGH_E_2030_H_4,high_4.5_2030,rhyolite,20,50,LPS
125,LP_S_HIGH_E_2030_H_5,high_4.5_2030,rhyolite,20,500,LPS
126,LP_S_HIGH_E_2030_H_6,high_4.5_2030,rhyolite,20,1000,LPS
127,LP_S_HIGH_E_2030_H_7,high_4.5_2030,rhyolite,50,50,LPS
128,LP_S_HIGH_E_2030_H_8,high_4.5_2030,rhyolite,50,500,LPS
129,LP_S_HIGH_E_2030_H_9,high_4.5_2030,rhyolite,50,1000,LPS
130,LP_S_HIGH_E_2030_H_10,high_4.5_2030,rhyolite,100,50,LPS
131,LP_S_HIGH_E_2030_H_11,high_4.5_2030,rhyolite,100,500,LPS
132,LP_S_HIGH_E_2030_H_12,high_4.5_2030,rhyolite,100,1000,LPS
133,LP_S_HIGH_E_2030_H_13,high_4.5_2030,andesite,10,50,LPS
134,LP_S_HIGH_E_2030_H_14,high_4.5_2030,andesite,10,500,LPS
135,LP_S_HIGH_E_2030_H_15,high_4.5_2030,andesite,10,1000,LPS
136,LP_S_HIGH_E_2030_H_16,high_4.5_2030,andesite,20,50,LPS
137,LP_S_HIGH_E_2030_H_17,high_4.5_2030,andesite,20,500,LPS
138,LP_S_HIGH_E_2030_H_18,high_4.5_2030,andesite,20,1000,LPS
139,LP_S_HIGH_E_2030_H_19,high_4.5_2030,andesite,50,50,LPS
140,LP_S_HIGH_E_2030_H_20,high_4.5_2030,andesite,50,500,LPS
141,LP_S_HIGH_E_2030_H_21,high_4.5_2030,andesite,50,1000,LPS
142,LP_S_HIGH_E_2030_H_22,high_4.5_2030,andesite,100,50,LPS
143,LP_S_HIGH_E_2030_H_23,high_4.5_2030,andesite,100,500,LPS
144,LP_S_HIGH_E_2030_H_24,high_4.5_2030,andesite,100,1000,LPS
145,LP_S_LOW_E_2030_L_1,low_8_2030,rhyolite,10,50,LPS
146,LP_S_LOW_E_2030_L_2,low_8_2030,rhyolite,10,500,LPS
147,LP_S_LOW_E_2030_L_3,low_8_2030,rhyolite,10,1000,LPS
148,LP_S_LOW_E_2030_L_4,low_8_2030,rhyolite,20,50,LPS
149,LP_S_LOW_E_2030_L_5,low_8_2030,rhyolite,20,500,LPS
150,LP_S_LOW_E_2030_L_6,low_8_2030,rhyolite,20,1000,LPS
151,LP_S_LOW_E_2030_L_7,low_8_2030,rhyolite,50,50,LPS
152,LP_S_LOW_E_2030_L_8,low_8_2030,rhyolite,50,500,LPS
153,LP_S_LOW_E_2030_L_9,low_8_2030,rhyolite,50,1000,LPS
154,LP_S_LOW_E_2030_L_10,low_8_2030,rhyolite,100,50,LPS
155,LP_S_LOW_E_2030_L_11,low_8_2030,rhyolite,100,500,LPS
156,LP_S_LOW_E_2030_L_12,low_8_2030,rhyolite,100,1000,LPS
157,LP_S_LOW_E_2030_L_13,low_8_2030,andesite,10,50,LPS
158,LP_S_LOW_E_2030_L_14,low_8_2030,andesite,10,500,LPS
159,LP_S_LOW_E_2030_L_15,low_8_2030,andesite,10,1000,LPS
160,LP_S_LOW_E_2030_L_16,low_8_2030,andesite,20,50,LPS
161,LP_S_LOW_E_2030_L_17,low_8_2030,andesite,20,500,LPS
162,LP_S_LOW_E_2030_L_18,low_8_2030,andesite,20,1000,LPS
163,LP_S_LOW_E_2030_L_19,low_8_2030,andesite,50,50,LPS
164,LP_S_LOW_E_2030_L_20,low_8_2030,andesite,50,500,LPS
165,LP_S_LOW_E_2030_L_21,low_8_2030,andesite,50,1000,LPS
166,LP_S_LOW_E_2030_L_22,low_8_2030,andesite,100,50,LPS
167,LP_S_LOW_E_2030_L_23,low_8_2030,andesite,100,500,LPS
168,LP_S_LOW_E_2030_L_24,low_8_2030,andesite,100,1000,LPS
169,LP_S_MID_E_2030_L_1,mid_8_2030,rhyolite,10,50,LPS
170,LP_S_MID_E_2030_L_2,mid_8_2030,rhyolite,10,500,LPS
171,LP_S_MID_E_2030_L_3,mid_8_2030,rhyolite,10,1000,LPS
172,LP_S_MID_E_2030_L_4,mid_8_2030,rhyolite,20,50,LPS
173,LP_S_MID_E_2030_L_5,mid_8_2030,rhyolite,20,500,LPS
174,LP_S_MID_E_2030_L_6,mid_8_2030,rhyolite,20,1000,LPS
175,LP_S_MID_E_2030_L_7,mid_8_2030,rhyolite,50,50,LPS
176,LP_S_MID_E_2030_L_8,mid_8_2030,rhyolite,50,500,LPS
177,LP_S_MID_E_2030_L_9,mid_8_2030,rhyolite,50,1000,LPS
178,LP_S_MID_E_2030_L_10,mid_8_2030,rhyolite,100,50,LPS
179,LP_S_MID_E_2030_L_11,mid_8_2030,rhyolite,100,500,LPS
180,LP_S_MID_E_2030_L_12,mid_8_2030,rhyolite,100,1000,LPS
181,LP_S_MID_E_2030_L_13,mid_8_2030,andesite,10,50,LPS
182,LP_S_MID_E_2030_L_14,mid_8_2030,andesite,10,500,LPS
183,LP_S_MID_E_2030_L_15,mid_8_2030,andesite,10,1000,LPS
184,LP_S_MID_E_2030_L_16,mid_8_2030,andesite,20,50,LPS
185,LP_S_MID_E_2030_L_17,mid_8_2030,andesite,20,500,LPS
186,LP_S_MID_E_2030_L_18,mid_8_2030,andesite,20,1000,LPS
187,LP_S_MID_E_2030_L_19,mid_8_2030,andesite,50,50,LPS
188,LP_S_MID_E_2030_L_20,mid_8_2030,andesite,50,500,LPS
189,LP_S_MID_E_2030_L_21,mid_8_2030,andesite,50,1000,LPS
190,LP_S_MID_E_2030_L_22,mid_8_2030,andesite,100,50,LPS
191,LP_S_MID_E_2030_L_23,mid_8_2030,andesite,100,500,LPS
192,LP_S_MID_E_2030_L_24,mid_8_2030,andesite,100,1000,LPS
193,LP_S_HIGH_E_2030_L_1,high_8_2030,rhyolite,10,50,LPS
194,LP_S_HIGH_E_2030_L_2,high_8_2030,rhyolite,10,500,LPS
195,LP_S_HIGH_E_2030_L_3,high_8_2030,rhyolite,10,1000,LPS
196,LP_S_HIGH_E_2030_L_4,high_8_2030,rhyolite,20,50,LPS
197,LP_S_HIGH_E_2030_L_5,high_8_2030,rhyolite,20,500,LPS
198,LP_S_HIGH_E_2030_L_6,high_8_2030,rhyolite,20,1000,LPS
199,LP_S_HIGH_E_2030_L_7,high_8_2030,rhyolite,50,50,LPS
200,LP_S_HIGH_E_2030_L_8,high_8_2030,rhyolite,50,500,LPS
201,LP_S_HIGH_E_2030_L_9,high_8_2030,rhyolite,50,1000,LPS
202,LP_S_HIGH_E_2030_L_10,high_8_2030,rhyolite,100,50,LPS
203,LP_S_HIGH_E_2030_L_11,high_8_2030,rhyolite,100,500,LPS
204,LP_S_HIGH_E_2030_L_12,high_8_2030,rhyolite,100,1000,LPS
205,LP_S_HIGH_E_2030_L_13,high_8_2030,andesite,10,50,LPS
206,LP_S_HIGH_E_2030_L_14,high_8_2030,andesite,10,500,LPS
207,LP_S_HIGH_E_2030_L_15,high_8_2030,andesite,10,1000,LPS
208,LP_S_HIGH_E_2030_L_16,high_8_2030,andesite,20,50,LPS
209,LP_S_HIGH_E_2030_L_17,high_8_2030,andesite,20,500,LPS
210,LP_S_HIGH_E_2030_L_18,high_8_2030,andesite,20,1000,LPS
211,LP_S_HIGH_E_2030_L_19,high_8_2030,andesite,50,50,LPS
212,LP_S_HIGH_E_2030_L_20,high_8_2030,andesite,50,500,LPS
213,LP_S_HIGH_E_2030_L_21,high_8_2030,andesite,50,1000,LPS
214,LP_S_HIGH_E_2030_L_22,high_8_2030,andesite,100,50,LPS
215,LP_S_HIGH_E_2030_L_23,high_8_2030,andesite,100,500,LPS
216,LP_S_HIGH_E_2030_L_24,high_8_2030,andesite,100,1000,LPS
217,LP_S_LOW_E_2070_H_1,low_4.5_2070,rhyolite,10,50,LPS
218,LP_S_LOW_E_2070_H_2,low_4.5_2070,rhyolite,10,500,LPS
219,LP_S_LOW_E_2070_H_3,low_4.5_2070,rhyolite,10,1000,LPS
220,LP_S_LOW_E_2070_H_4,low_4.5_2070,rhyolite,20,50,LPS
221,LP_S_LOW_E_2070_H_5,low_4.5_2070,rhyolite,20,500,LPS
222,LP_S_LOW_E_2070_H_6,low_4.5_2070,rhyolite,20,1000,LPS
223,LP_S_LOW_E_2070_H_7,low_4.5_2070,rhyolite,50,50,LPS
224,LP_S_LOW_E_2070_H_8,low_4.5_2070,rhyolite,50,500,LPS
225,LP_S_LOW_E_2070_H_9,low_4.5_2070,rhyolite,50,1000,LPS
226,LP_S_LOW_E_2070_H_10,low_4.5_2070,rhyolite,100,50,LPS
227,LP_S_LOW_E_2070_H_11,low_4.5_2070,rhyolite,100,500,LPS
228,LP_S_LOW_E_2070_H_12,low_4.5_2070,rhyolite,100,1000,LPS
229,LP_S_LOW_E_2070_H_13,low_4.5_2070,andesite,10,50,LPS
230,LP_S_LOW_E_2070_H_14,low_4.5_2070,andesite,10,500,LPS
231,LP_S_LOW_E_2070_H_15,low_4.5_2070,andesite,10,1000,LPS
232,LP_S_LOW_E_2070_H_16,low_4.5_2070,andesite,20,50,LPS
233,LP_S_LOW_E_2070_H_17,low_4.5_2070,andesite,20,500,LPS
234,LP_S_LOW_E_2070_H_18,low_4.5_2070,andesite,20,1000,LPS
235,LP_S_LOW_E_2070_H_19,low_4.5_2070,andesite,50,50,LPS
236,LP_S_LOW_E_2070_H_20,low_4.5_2070,andesite,50,500,LPS
237,LP_S_LOW_E_2070_H_21,low_4.5_2070,andesite,50,1000,LPS
238,LP_S_LOW_E_2070_H_22,low_4.5_2070,andesite,100,50,LPS
239,LP_S_LOW_E_2070_H_23,low_4.5_2070,andesite,100,500,LPS
240,LP_S_LOW_E_2070_H_24,low_4.5_2070,andesite,100,1000,LPS
241,LP_S_MID_E_2070_H_1,mid_4.5_2070,rhyolite,10,50,LPS
242,LP_S_MID_E_2070_H_2,mid_4.5_2070,rhyolite,10,500,LPS
243,LP_S_MID_E_2070_H_3,mid_4.5_2070,rhyolite,10,1000,LPS
244,LP_S_MID_E_2070_H_4,mid_4.5_2070,rhyolite,20,50,LPS
245,LP_S_MID_E_2070_H_5,mid_4.5_2070,rhyolite,20,500,LPS
246,LP_S_MID_E_2070_H_6,mid_4.5_2070,rhyolite,20,1000,LPS
247,LP_S_MID_E_2070_H_7,mid_4.5_2070,rhyolite,50,50,LPS
248,LP_S_MID_E_2070_H_8,mid_4.5_2070,rhyolite,50,500,LPS
249,LP_S_MID_E_2070_H_9,mid_4.5_2070,rhyolite,50,1000,LPS
250,LP_S_MID_E_2070_H_10,mid_4.5_2070,rhyolite,100,50,LPS
251,LP_S_MID_E_2070_H_11,mid_4.5_2070,rhyolite,100,500,LPS
252,LP_S_MID_E_2070_H_12,mid_4.5_2070,rhyolite,100,1000,LPS
253,LP_S_MID_E_2070_H_13,mid_4.5_2070,andesite,10,50,LPS
254,LP_S_MID_E_2070_H_14,mid_4.5_2070,andesite,10,500,LPS
255,LP_S_MID_E_2070_H_15,mid_4.5_2070,andesite,10,1000,LPS
256,LP_S_MID_E_2070_H_16,mid_4.5_2070,andesite,20,50,LPS
257,LP_S_MID_E_2070_H_17,mid_4.5_2070,andesite,20,500,LPS
258,LP_S_MID_E_2070_H_18,mid_4.5_2070,andesite,20,1000,LPS
259,LP_S_MID_E_2070_H_19,mid_4.5_2070,andesite,50,50,LPS
260,LP_S_MID_E_2070_H_20,mid_4.5_2070,andesite,50,500,LPS
261,LP_S_MID_E_2070_H_21,mid_4.5_2070,andesite,50,1000,LPS
262,LP_S_MID_E_2070_H_22,mid_4.5_2070,andesite,100,50,LPS
263,LP_S_MID_E_2070_H_23,mid_4.5_2070,andesite,100,500,LPS
264,LP_S_MID_E_2070_H_24,mid_4.5_2070,andesite,100,1000,LPS
265,LP_S_HIGH_E_2070_H_1,high_4.5_2070,rhyolite,10,50,LPS
266,LP_S_HIGH_E_2070_H_2,high_4.5_2070,rhyolite,10,500,LPS
267,LP_S_HIGH_E_2070_H_3,high_4.5_2070,rhyolite,10,1000,LPS
268,LP_S_HIGH_E_2070_H_4,high_4.5_2070,rhyolite,20,50,LPS
269,LP_S_HIGH_E_2070_H_5,high_4.5_2070,rhyolite,20,500,LPS
270,LP_S_HIGH_E_2070_H_6,high_4.5_2070,rhyolite,20,1000,LPS
271,LP_S_HIGH_E_2070_H_7,high_4.5_2070,rhyolite,50,50,LPS
272,LP_S_HIGH_E_2070_H_8,high_4.5_2070,rhyolite,50,500,LPS
273,LP_S_HIGH_E_2070_H_9,high_4.5_2070,rhyolite,50,1000,LPS
274,LP_S_HIGH_E_2070_H_10,high_4.5_2070,rhyolite,100,50,LPS
275,LP_S_HIGH_E_2070_H_11,high_4.5_2070,rhyolite,100,500,LPS
276,LP_S_HIGH_E_2070_H_12,high_4.5_2070,rhyolite,100,1000,LPS
277,LP_S_HIGH_E_2070_H_13,high_4.5_2070,andesite,10,50,LPS
278,LP_S_HIGH_E_2070_H_14,high_4.5_2070,andesite,10,500,LPS
279,LP_S_HIGH_E_2070_H_15,high_4.5_2070,andesite,10,1000,LPS
280,LP_S_HIGH_E_2070_H_16,high_4.5_2070,andesite,20,50,LPS
281,LP_S_HIGH_E_2070_H_17,high_4.5_2070,andesite,20,500,LPS
282,LP_S_HIGH_E_2070_H_18,high_4.5_2070,andesite,20,1000,LPS
283,LP_S_HIGH_E_2070_H_19,high_4.5_2070,andesite,50,50,LPS
284,LP_S_HIGH_E_2070_H_20,high_4.5_2070,andesite,50,500,LPS
285,LP_S_HIGH_E_2070_H_21,high_4.5_2070,andesite,50,1000,LPS
286,LP_S_HIGH_E_2070_H_22,high_4.5_2070,andesite,100,50,LPS
287,LP_S_HIGH_E_2070_H_23,high_4.5_2070,andesite,100,500,LPS
288,LP_S_HIGH_E_2070_H_24,high_4.5_2070,andesite,100,1000,LPS
289,LP_S_LOW_E_2070_L_1,low_8_2070,rhyolite,10,50,LPS
290,LP_S_LOW_E_2070_L_2,low_8_2070,rhyolite,10,500,LPS
291,LP_S_LOW_E_2070_L_3,low_8_2070,rhyolite,10,1000,LPS
292,LP_S_LOW_E_2070_L_4,low_8_2070,rhyolite,20,50,LPS
293,LP_S_LOW_E_2070_L_5,low_8_2070,rhyolite,20,500,LPS
294,LP_S_LOW_E_2070_L_6,low_8_2070,rhyolite,20,1000,LPS
295,LP_S_LOW_E_2070_L_7,low_8_2070,rhyolite,50,50,LPS
296,LP_S_LOW_E_2070_L_8,low_8_2070,rhyolite,50,500,LPS
297,LP_S_LOW_E_2070_L_9,low_8_2070,rhyolite,50,1000,LPS
298,LP_S_LOW_E_2070_L_10,low_8_2070,rhyolite,100,50,LPS
299,LP_S_LOW_E_2070_L_11,low_8_2070,rhyolite,100,500,LPS
300,LP_S_LOW_E_2070_L_12,low_8_2070,rhyolite,100,1000,LPS
301,LP_S_LOW_E_2070_L_13,low_8_2070,andesite,10,50,LPS
302,LP_S_LOW_E_2070_L_14,low_8_2070,andesite,10,500,LPS
303,LP_S_LOW_E_2070_L_15,low_8_2070,andesite,10,1000,LPS
304,LP_S_LOW_E_2070_L_16,low_8_2070,andesite,20,50,LPS
305,LP_S_LOW_E_2070_L_17,low_8_2070,andesite,20,500,LPS
306,LP_S_LOW_E_2070_L_18,low_8_2070,andesite,20,1000,LPS
307,LP_S_LOW_E_2070_L_19,low_8_2070,andesite,50,50,LPS
308,LP_S_LOW_E_2070_L_20,low_8_2070,andesite,50,500,LPS
309,LP_S_LOW_E_2070_L_21,low_8_2070,andesite,50,1000,LPS
310,LP_S_LOW_E_2070_L_22,low_8_2070,andesite,100,50,LPS
311,LP_S_LOW_E_2070_L_23,low_8_2070,andesite,100,500,LPS
312,LP_S_LOW_E_2070_L_24,low_8_2070,andesite,100,1000,LPS
313,LP_S_MID_E_2070_L_1,mid_8_2070,rhyolite,10,50,LPS
314,LP_S_MID_E_2070_L_2,mid_8_2070,rhyolite,10,500,LPS
315,LP_S_MID_E_2070_L_3,mid_8_2070,rhyolite,10,1000,LPS
316,LP_S_MID_E_2070_L_4,mid_8_2070,rhyolite,20,50,LPS
317,LP_S_MID_E_2070_L_5,mid_8_2070,rhyolite,20,500,LPS
318,LP_S_MID_E_2070_L_6,mid_8_2070,rhyolite,20,1000,LPS
319,LP_S_MID_E_2070_L_7,mid_8_2070,rhyolite,50,50,LPS
320,LP_S_MID_E_2070_L_8,mid_8_2070,rhyolite,50,500,LPS
321,LP_S_MID_E_2070_L_9,mid_8_2070,rhyolite,50,1000,LPS
322,LP_S_MID_E_2070_L_10,mid_8_2070,rhyolite,100,50,LPS
323,LP_S_MID_E_2070_L_11,mid_8_2070,rhyolite,100,500,LPS
324,LP_S_MID_E_2070_L_12,mid_8_2070,rhyolite,100,1000,LPS
325,LP_S_MID_E_2070_L_13,mid_8_2070,andesite,10,50,LPS
326,LP_S_MID_E_2070_L_14,mid_8_2070,andesite,10,500,LPS
327,LP_S_MID_E_2070_L_15,mid_8_2070,andesite,10,1000,LPS
328,LP_S_MID_E_2070_L_16,mid_8_2070,andesite,20,50,LPS
329,LP_S_MID_E_2070_L_17,mid_8_2070,andesite,20,500,LPS
330,LP_S_MID_E_2070_L_18,mid_8_2070,andesite,20,1000,LPS
331,LP_S_MID_E_2070_L_19,mid_8_2070,andesite,50,50,LPS
332,LP_S_MID_E_2070_L_20,mid_8_2070,andesite,50,500,LPS
333,LP_S_MID_E_2070_L_21,mid_8_2070,andesite,50,1000,LPS
334,LP_S_MID_E_2070_L_22,mid_8_2070,andesite,100,50,LPS
335,LP_S_MID_E_2070_L_23,mid_8_2070,andesite,100,500,LPS
336,LP_S_MID_E_2070_L_24,mid_8_2070,andesite,100,1000,LPS
337,LP_S_HIGH_E_2070_L_1,high_8_2070,rhyolite,10,50,LPS
338,LP_S_HIGH_E_2070_L_2,high_8_2070,rhyolite,10,500,LPS
339,LP_S_HIGH_E_2070_L_3,high_8_2070,rhyolite,10,1000,LPS
340,LP_S_HIGH_E_2070_L_4,high_8_2070,rhyolite,20,50,LPS
341,LP_S_HIGH_E_2070_L_5,high_8_2070,rhyolite,20,500,LPS
342,LP_S_HIGH_E_2070_L_6,high_8_2070,rhyolite,20,1000,LPS
343,LP_S_HIGH_E_2070_L_7,high_8_2070,rhyolite,50,50,LPS
344,LP_S_HIGH_E_2070_L_8,high_8_2070,rhyolite,50,500,LPS
345,LP_S_HIGH_E_2070_L_9,high_8_2070,rhyolite,50,1000,LPS
346,LP_S_HIGH_E_2070_L_10,high_8_2070,rhyolite,100,50,LPS
347,LP_S_HIGH_E_2070_L_11,high_8_2070,rhyolite,100,500,LPS
348,LP_S_HIGH_E_2070_L_12,high_8_2070,rhyolite,100,1000,LPS
349,LP_S_HIGH_E_2070_L_13,high_8_2070,andesite,10,50,LPS
350,LP_S_HIGH_E_2070_L_14,high_8_2070,andesite,10,500,LPS
351,LP_S_HIGH_E_2070_L_15,high_8_2070,andesite,10,1000,LPS
352,LP_S_HIGH_E_2070_L_16,high_8_2070,andesite,20,50,LPS
353,LP_S_HIGH_E_2070_L_17,high_8_2070,andesite,20,500,LPS
354,LP_S_HIGH_E_2070_L_18,high_8_2070,andesite,20,1000,LPS
355,LP_S_HIGH_E_2070_L_19,high_8_2070,andesite,50,50,LPS
356,LP_S_HIGH_E_2070_L_20,high_8_2070,andesite,50,500,LPS
357,LP_S_HIGH_E_2070_L_21,high_8_2070,andesite,50,1000,LPS
358,LP_S_HIGH_E_2070_L_22,high_8_2070,andesite,100,50,LPS
359,LP_S_HIGH_E_2070_L_23,high_8_2070,andesite,100,500,LPS
360,LP_S_HIGH_E_2070_L_24,high_8_2070,andesite,100,1000,LPS
361,LP_NS_LOW_E_HIST_1,low_0_hist,rhyolite,10,50,LP
362,LP_NS_LOW_E_HIST_2,low_0_hist,rhyolite,10,500,LP
363,LP_NS_LOW_E_HIST_3,low_0_hist,rhyolite,10,1000,LP
364,LP_NS_LOW_E_HIST_4,low_0_hist,rhyolite,20,50,LP
365,LP_NS_LOW_E_HIST_5,low_0_hist,rhyolite,20,500,LP
366,LP_NS_LOW_E_HIST_6,low_0_hist,rhyolite,20,1000,LP
367,LP_NS_LOW_E_HIST_7,low_0_hist,rhyolite,50,50,LP
368,LP_NS_LOW_E_HIST_8,low_0_hist,rhyolite,50,500,LP
369,LP_NS_LOW_E_HIST_9,low_0_hist,rhyolite,50,1000,LP
370,LP_NS_LOW_E_HIST_10,low_0_hist,rhyolite,100,50,LP
371,LP_NS_LOW_E_HIST_11,low_0_hist,rhyolite,100,500,LP
372,LP_NS_LOW_E_HIST_12,low_0_hist,rhyolite,100,1000,LP
373,LP_NS_LOW_E_HIST_13,low_0_hist,andesite,10,50,LP
374,LP_NS_LOW_E_HIST_14,low_0_hist,andesite,10,500,LP
375,LP_NS_LOW_E_HIST_15,low_0_hist,andesite,10,1000,LP
376,LP_NS_LOW_E_HIST_16,low_0_hist,andesite,20,50,LP
377,LP_NS_LOW_E_HIST_17,low_0_hist,andesite,20,500,LP
378,LP_NS_LOW_E_HIST_18,low_0_hist,andesite,20,1000,LP
379,LP_NS_LOW_E_HIST_19,low_0_hist,andesite,50,50,LP
380,LP_NS_LOW_E_HIST_20,low_0_hist,andesite,50,500,LP
381,LP_NS_LOW_E_HIST_21,low_0_hist,andesite,50,1000,LP
382,LP_NS_LOW_E_HIST_22,low_0_hist,andesite,100,50,LP
383,LP_NS_LOW_E_HIST_23,low_0_hist,andesite,100,500,LP
384,LP_NS_LOW_E_HIST_24,low_0_hist,andesite,100,1000,LP
385,LP_NS_MID_E_HIST_1,med_0_hist,rhyolite,10,50,LP
386,LP_NS_MID_E_HIST_2,med_0_hist,rhyolite,10,500,LP
387,LP_NS_MID_E_HIST_3,med_0_hist,rhyolite,10,1000,LP
388,LP_NS_MID_E_HIST_4,med_0_hist,rhyolite,20,50,LP
389,LP_NS_MID_E_HIST_5,med_0_hist,rhyolite,20,500,LP
390,LP_NS_MID_E_HIST_6,med_0_hist,rhyolite,20,1000,LP
391,LP_NS_MID_E_HIST_7,med_0_hist,rhyolite,50,50,LP
392,LP_NS_MID_E_HIST_8,med_0_hist,rhyolite,50,500,LP
393,LP_NS_MID_E_HIST_9,med_0_hist,rhyolite,50,1000,LP
394,LP_NS_MID_E_HIST_10,med_0_hist,rhyolite,100,50,LP
395,LP_NS_MID_E_HIST_11,med_0_hist,rhyolite,100,500,LP
396,LP_NS_MID_E_HIST_12,med_0_hist,rhyolite,100,1000,LP
397,LP_NS_MID_E_HIST_13,med_0_hist,andesite,10,50,LP
398,LP_NS_MID_E_HIST_14,med_0_hist,andesite,10,500,LP
399,LP_NS_MID_E_HIST_15,med_0_hist,andesite,10,1000,LP
400,LP_NS_MID_E_HIST_16,med_0_hist,andesite,20,50,LP
401,LP_NS_MID_E_HIST_17,med_0_hist,andesite,20,500,LP
402,LP_NS_MID_E_HIST_18,med_0_hist,andesite,20,1000,LP
403,LP_NS_MID_E_HIST_19,med_0_hist,andesite,50,50,LP
404,LP_NS_MID_E_HIST_20,med_0_hist,andesite,50,500,LP
405,LP_NS_MID_E_HIST_21,med_0_hist,andesite,50,1000,LP
406,LP_NS_MID_E_HIST_22,med_0_hist,andesite,100,50,LP
407,LP_NS_MID_E_HIST_23,med_0_hist,andesite,100,500,LP
408,LP_NS_MID_E_HIST_24,med_0_hist,andesite,100,1000,LP
409,LP_NS_HIGH_E_HIST_1,high_0_hist,rhyolite,10,50,LP
410,LP_NS_HIGH_E_HIST_2,high_0_hist,rhyolite,10,500,LP
411,LP_NS_HIGH_E_HIST_3,high_0_hist,rhyolite,10,1000,LP
412,LP_NS_HIGH_E_HIST_4,high_0_hist,rhyolite,20,50,LP
413,LP_NS_HIGH_E_HIST_5,high_0_hist,rhyolite,20,500,LP
414,LP_NS_HIGH_E_HIST_6,high_0_hist,rhyolite,20,1000,LP
415,LP_NS_HIGH_E_HIST_7,high_0_hist,rhyolite,50,50,LP
416,LP_NS_HIGH_E_HIST_8,high_0_hist,rhyolite,50,500,LP
417,LP_NS_HIGH_E_HIST_9,high_0_hist,rhyolite,50,1000,LP
418,LP_NS_HIGH_E_HIST_10,high_0_hist,rhyolite,100,50,LP
419,LP_NS_HIGH_E_HIST_11,high_0_hist,rhyolite,100,500,LP
420,LP_NS_HIGH_E_HIST_12,high_0_hist,rhyolite,100,1000,LP
421,LP_NS_HIGH_E_HIST_13,high_0_hist,andesite,10,50,LP
422,LP_NS_HIGH_E_HIST_14,high_0_hist,andesite,10,500,LP
423,LP_NS_HIGH_E_HIST_15,high_0_hist,andesite,10,1000,LP
424,LP_NS_HIGH_E_HIST_16,high_0_hist,andesite,20,50,LP
425,LP_NS_HIGH_E_HIST_17,high_0_hist,andesite,20,500,LP
426,LP_NS_HIGH_E_HIST_18,high_0_hist,andesite,20,1000,LP
427,LP_NS_HIGH_E_HIST_19,high_0_hist,andesite,50,50,LP
428,LP_NS_HIGH_E_HIST_20,high_0_hist,andesite,50,500,LP
429,LP_NS_HIGH_E_HIST_21,high_0_hist,andesite,50,1000,LP
430,LP_NS_HIGH_E_HIST_22,high_0_hist,andesite,100,50,LP
431,LP_NS_HIGH_E_HIST_23,high_0_hist,andesite,100,500,LP
432,LP_NS_HIGH_E_HIST_24,high_0_hist,andesite,100,1000,LP
433,LP_NS_LOW_E_2030_H_1,low_4.5_2030,rhyolite,10,50,LP
434,LP_NS_LOW_E_2030_H_2,low_4.5_2030,rhyolite,10,500,LP
435,LP_NS_LOW_E_2030_H_3,low_4.5_2030,rhyolite,10,1000,LP
436,LP_NS_LOW_E_2030_H_4,low_4.5_2030,rhyolite,20,50,LP
437,LP_NS_LOW_E_2030_H_5,low_4.5_2030,rhyolite,20,500,LP
438,LP_NS_LOW_E_2030_H_6,low_4.5_2030,rhyolite,20,1000,LP
439,LP_NS_LOW_E_2030_H_7,low_4.5_2030,rhyolite,50,50,LP
440,LP_NS_LOW_E_2030_H_8,low_4.5_2030,rhyolite,50,500,LP
441,LP_NS_LOW_E_2030_H_9,low_4.5_2030,rhyolite,50,1000,LP
442,LP_NS_LOW_E_2030_H_10,low_4.5_2030,rhyolite,100,50,LP
443,LP_NS_LOW_E_2030_H_11,low_4.5_2030,rhyolite,100,500,LP
444,LP_NS_LOW_E_2030_H_12,low_4.5_2030,rhyolite,100,1000,LP
445,LP_NS_LOW_E_2030_H_13,low_4.5_2030,andesite,10,50,LP
446,LP_NS_LOW_E_2030_H_14,low_4.5_2030,andesite,10,500,LP
447,LP_NS_LOW_E_2030_H_15,low_4.5_2030,andesite,10,1000,LP
448,LP_NS_LOW_E_2030_H_16,low_4.5_2030,andesite,20,50,LP
449,LP_NS_LOW_E_2030_H_17,low_4.5_2030,andesite,20,500,LP
450,LP_NS_LOW_E_2030_H_18,low_4.5_2030,andesite,20,1000,LP
451,LP_NS_LOW_E_2030_H_19,low_4.5_2030,andesite,50,50,LP
452,LP_NS_LOW_E_2030_H_20,low_4.5_2030,andesite,50,500,LP
453,LP_NS_LOW_E_2030_H_21,low_4.5_2030,andesite,50,1000,LP
454,LP_NS_LOW_E_2030_H_22,low_4.5_2030,andesite,100,50,LP
455,LP_NS_LOW_E_2030_H_23,low_4.5_2030,andesite,100,500,LP
456,LP_NS_LOW_E_2030_H_24,low_4.5_2030,andesite,100,1000,LP
457,LP_NS_MID_E_2030_H_1,mid_4.5_2030,rhyolite,10,50,LP
458,LP_NS_MID_E_2030_H_2,mid_4.5_2030,rhyolite,10,500,LP
459,LP_NS_MID_E_2030_H_3,mid_4.5_2030,rhyolite,10,1000,LP
460,LP_NS_MID_E_2030_H_4,mid_4.5_2030,rhyolite,20,50,LP
461,LP_NS_MID_E_2030_H_5,mid_4.5_2030,rhyolite,20,500,LP
462,LP_NS_MID_E_2030_H_6,mid_4.5_2030,rhyolite,20,1000,LP
463,LP_NS_MID_E_2030_H_7,mid_4.5_2030,rhyolite,50,50,LP
464,LP_NS_MID_E_2030_H_8,mid_4.5_2030,rhyolite,50,500,LP
465,LP_NS_MID_E_2030_H_9,mid_4.5_2030,rhyolite,50,1000,LP
466,LP_NS_MID_E_2030_H_10,mid_4.5_2030,rhyolite,100,50,LP
467,LP_NS_MID_E_2030_H_11,mid_4.5_2030,rhyolite,100,500,LP
468,LP_NS_MID_E_2030_H_12,mid_4.5_2030,rhyolite,100,1000,LP
469,LP_NS_MID_E_2030_H_13,mid_4.5_2030,andesite,10,50,LP
470,LP_NS_MID_E_2030_H_14,mid_4.5_2030,andesite,10,500,LP
471,LP_NS_MID_E_2030_H_15,mid_4.5_2030,andesite,10,1000,LP
472,LP_NS_MID_E_2030_H_16,mid_4.5_2030,andesite,20,50,LP
473,LP_NS_MID_E_2030_H_17,mid_4.5_2030,andesite,20,500,LP
474,LP_NS_MID_E_2030_H_18,mid_4.5_2030,andesite,20,1000,LP
475,LP_NS_MID_E_2030_H_19,mid_4.5_2030,andesite,50,50,LP
476,LP_NS_MID_E_2030_H_20,mid_4.5_2030,andesite,50,500,LP
477,LP_NS_MID_E_2030_H_21,mid_4.5_2030,andesite,50,1000,LP
478,LP_NS_MID_E_2030_H_22,mid_4.5_2030,andesite,100,50,LP
479,LP_NS_MID_E_2030_H_23,mid_4.5_2030,andesite,100,500,LP
480,LP_NS_MID_E_2030_H_24,mid_4.5_2030,andesite,100,1000,LP
481,LP_NS_HIGH_E_2030_H_1,high_4.5_2030,rhyolite,10,50,LP
482,LP_NS_HIGH_E_2030_H_2,high_4.5_2030,rhyolite,10,500,LP
483,LP_NS_HIGH_E_2030_H_3,high_4.5_2030,rhyolite,10,1000,LP
484,LP_NS_HIGH_E_2030_H_4,high_4.5_2030,rhyolite,20,50,LP
485,LP_NS_HIGH_E_2030_H_5,high_4.5_2030,rhyolite,20,500,LP
486,LP_NS_HIGH_E_2030_H_6,high_4.5_2030,rhyolite,20,1000,LP
487,LP_NS_HIGH_E_2030_H_7,high_4.5_2030,rhyolite,50,50,LP
488,LP_NS_HIGH_E_2030_H_8,high_4.5_2030,rhyolite,50,500,LP
489,LP_NS_HIGH_E_2030_H_9,high_4.5_2030,rhyolite,50,1000,LP
490,LP_NS_HIGH_E_2030_H_10,high_4.5_2030,rhyolite,100,50,LP
491,LP_NS_HIGH_E_2030_H_11,high_4.5_2030,rhyolite,100,500,LP
492,LP_NS_HIGH_E_2030_H_12,high_4.5_2030,rhyolite,100,1000,LP
493,LP_NS_HIGH_E_2030_H_13,high_4.5_2030,andesite,10,50,LP
494,LP_NS_HIGH_E_2030_H_14,high_4.5_2030,andesite,10,500,LP
495,LP_NS_HIGH_E_2030_H_15,high_4.5_2030,andesite,10,1000,LP
496,LP_NS_HIGH_E_2030_H_16,high_4.5_2030,andesite,20,50,LP
497,LP_NS_HIGH_E_2030_H_17,high_4.5_2030,andesite,20,500,LP
498,LP_NS_HIGH_E_2030_H_18,high_4.5_2030,andesite,20,1000,LP
499,LP_NS_HIGH_E_2030_H_19,high_4.5_2030,andesite,50,50,LP
500,LP_NS_HIGH_E_2030_H_20,high_4.5_2030,andesite,50,500,LP
501,LP_NS_HIGH_E_2030_H_21,high_4.5_2030,andesite,50,1000,LP
502,LP_NS_HIGH_E_2030_H_22,high_4.5_2030,andesite,100,50,LP
503,LP_NS_HIGH_E_2030_H_23,high_4.5_2030,andesite,100,500,LP
504,LP_NS_HIGH_E_2030_H_24,high_4.5_2030,andesite,100,1000,LP
505,LP_NS_LOW_E_2030_L_1,low_8_2030,rhyolite,10,50,LP
506,LP_NS_LOW_E_2030_L_2,low_8_2030,rhyolite,10,500,LP
507,LP_NS_LOW_E_2030_L_3,low_8_2030,rhyolite,10,1000,LP
508,LP_NS_LOW_E_2030_L_4,low_8_2030,rhyolite,20,50,LP
509,LP_NS_LOW_E_2030_L_5,low_8_2030,rhyolite,20,500,LP
510,LP_NS_LOW_E_2030_L_6,low_8_2030,rhyolite,20,1000,LP
511,LP_NS_LOW_E_2030_L_7,low_8_2030,rhyolite,50,50,LP
512,LP_NS_LOW_E_2030_L_8,low_8_2030,rhyolite,50,500,LP
513,LP_NS_LOW_E_2030_L_9,low_8_2030,rhyolite,50,1000,LP
514,LP_NS_LOW_E_2030_L_10,low_8_2030,rhyolite,100,50,LP
515,LP_NS_LOW_E_2030_L_11,low_8_2030,rhyolite,100,500,LP
516,LP_NS_LOW_E_2030_L_12,low_8_2030,rhyolite,100,1000,LP
517,LP_NS_LOW_E_2030_L_13,low_8_2030,andesite,10,50,LP
518,LP_NS_LOW_E_2030_L_14,low_8_2030,andesite,10,500,LP
519,LP_NS_LOW_E_2030_L_15,low_8_2030,andesite,10,1000,LP
520,LP_NS_LOW_E_2030_L_16,low_8_2030,andesite,20,50,LP
521,LP_NS_LOW_E_2030_L_17,low_8_2030,andesite,20,500,LP
522,LP_NS_LOW_E_2030_L_18,low_8_2030,andesite,20,1000,LP
523,LP_NS_LOW_E_2030_L_19,low_8_2030,andesite,50,50,LP
524,LP_NS_LOW_E_2030_L_20,low_8_2030,andesite,50,500,LP
525,LP_NS_LOW_E_2030_L_21,low_8_2030,andesite,50,1000,LP
526,LP_NS_LOW_E_2030_L_22,low_8_2030,andesite,100,50,LP
527,LP_NS_LOW_E_2030_L_23,low_8_2030,andesite,100,500,LP
528,LP_NS_LOW_E_2030_L_24,low_8_2030,andesite,100,1000,LP
529,LP_NS_MID_E_2030_L_1,mid_8_2030,rhyolite,10,50,LP
530,LP_NS_MID_E_2030_L_2,mid_8_2030,rhyolite,10,500,LP
531,LP_NS_MID_E_2030_L_3,mid_8_2030,rhyolite,10,1000,LP
532,LP_NS_MID_E_2030_L_4,mid_8_2030,rhyolite,20,50,LP
533,LP_NS_MID_E_2030_L_5,mid_8_2030,rhyolite,20,500,LP
534,LP_NS_MID_E_2030_L_6,mid_8_2030,rhyolite,20,1000,LP
535,LP_NS_MID_E_2030_L_7,mid_8_2030,rhyolite,50,50,LP
536,LP_NS_MID_E_2030_L_8,mid_8_2030,rhyolite,50,500,LP
537,LP_NS_MID_E_2030_L_9,mid_8_2030,rhyolite,50,1000,LP
538,LP_NS_MID_E_2030_L_10,mid_8_2030,rhyolite,100,50,LP
539,LP_NS_MID_E_2030_L_11,mid_8_2030,rhyolite,100,500,LP
540,LP_NS_MID_E_2030_L_12,mid_8_2030,rhyolite,100,1000,LP
541,LP_NS_MID_E_2030_L_13,mid_8_2030,andesite,10,50,LP
542,LP_NS_MID_E_2030_L_14,mid_8_2030,andesite,10,500,LP
543,LP_NS_MID_E_2030_L_15,mid_8_2030,andesite,10,1000,LP
544,LP_NS_MID_E_2030_L_16,mid_8_2030,andesite,20,50,LP
545,LP_NS_MID_E_2030_L_17,mid_8_2030,andesite,20,500,LP
546,LP_NS_MID_E_2030_L_18,mid_8_2030,andesite,20,1000,LP
547,LP_NS_MID_E_2030_L_19,mid_8_2030,andesite,50,50,LP
548,LP_NS_MID_E_2030_L_20,mid_8_2030,andesite,50,500,LP
549,LP_NS_MID_E_2030_L_21,mid_8_2030,andesite,50,1000,LP
550,LP_NS_MID_E_2030_L_22,mid_8_2030,andesite,100,50,LP
551,LP_NS_MID_E_2030_L_23,mid_8_2030,andesite,100,500,LP
552,LP_NS_MID_E_2030_L_24,mid_8_2030,andesite,100,1000,LP
553,LP_NS_HIGH_E_2030_L_1,high_8_2030,rhyolite,10,50,LP
554,LP_NS_HIGH_E_2030_L_2,high_8_2030,rhyolite,10,500,LP
555,LP_NS_HIGH_E_2030_L_3,high_8_2030,rhyolite,10,1000,LP
556,LP_NS_HIGH_E_2030_L_4,high_8_2030,rhyolite,20,50,LP
557,LP_NS_HIGH_E_2030_L_5,high_8_2030,rhyolite,20,500,LP
558,LP_NS_HIGH_E_2030_L_6,high_8_2030,rhyolite,20,1000,LP
559,LP_NS_HIGH_E_2030_L_7,high_8_2030,rhyolite,50,50,LP
560,LP_NS_HIGH_E_2030_L_8,high_8_2030,rhyolite,50,500,LP
561,LP_NS_HIGH_E_2030_L_9,high_8_2030,rhyolite,50,1000,LP
562,LP_NS_HIGH_E_2030_L_10,high_8_2030,rhyolite,100,50,LP
563,LP_NS_HIGH_E_2030_L_11,high_8_2030,rhyolite,100,500,LP
564,LP_NS_HIGH_E_2030_L_12,high_8_2030,rhyolite,100,1000,LP
565,LP_NS_HIGH_E_2030_L_13,high_8_2030,andesite,10,50,LP
566,LP_NS_HIGH_E_2030_L_14,high_8_2030,andesite,10,500,LP
567,LP_NS_HIGH_E_2030_L_15,high_8_2030,andesite,10,1000,LP
568,LP_NS_HIGH_E_2030_L_16,high_8_2030,andesite,20,50,LP
569,LP_NS_HIGH_E_2030_L_17,high_8_2030,andesite,20,500,LP
570,LP_NS_HIGH_E_2030_L_18,high_8_2030,andesite,20,1000,LP
571,LP_NS_HIGH_E_2030_L_19,high_8_2030,andesite,50,50,LP
572,LP_NS_HIGH_E_2030_L_20,high_8_2030,andesite,50,500,LP
573,LP_NS_HIGH_E_2030_L_21,high_8_2030,andesite,50,1000,LP
574,LP_NS_HIGH_E_2030_L_22,high_8_2030,andesite,100,50,LP
575,LP_NS_HIGH_E_2030_L_23,high_8_2030,andesite,100,500,LP
576,LP_NS_HIGH_E_2030_L_24,high_8_2030,andesite,100,1000,LP
577,LP_NS_LOW_E_2070_H_1,low_4.5_2070,rhyolite,10,50,LP
578,LP_NS_LOW_E_2070_H_2,low_4.5_2070,rhyolite,10,500,LP
579,LP_NS_LOW_E_2070_H_3,low_4.5_2070,rhyolite,10,1000,LP
580,LP_NS_LOW_E_2070_H_4,low_4.5_2070,rhyolite,20,50,LP
581,LP_NS_LOW_E_2070_H_5,low_4.5_2070,rhyolite,20,500,LP
582,LP_NS_LOW_E_2070_H_6,low_4.5_2070,rhyolite,20,1000,LP
583,LP_NS_LOW_E_2070_H_7,low_4.5_2070,rhyolite,50,50,LP
584,LP_NS_LOW_E_2070_H_8,low_4.5_2070,rhyolite,50,500,LP
585,LP_NS_LOW_E_2070_H_9,low_4.5_2070,rhyolite,50,1000,LP
586,LP_NS_LOW_E_2070_H_10,low_4.5_2070,rhyolite,100,50,LP
587,LP_NS_LOW_E_2070_H_11,low_4.5_2070,rhyolite,100,500,LP
588,LP_NS_LOW_E_2070_H_12,low_4.5_2070,rhyolite,100,1000,LP
589,LP_NS_LOW_E_2070_H_13,low_4.5_2070,andesite,10,50,LP
590,LP_NS_LOW_E_2070_H_14,low_4.5_2070,andesite,10,500,LP
591,LP_NS_LOW_E_2070_H_15,low_4.5_2070,andesite,10,1000,LP
592,LP_NS_LOW_E_2070_H_16,low_4.5_2070,andesite,20,50,LP
593,LP_NS_LOW_E_2070_H_17,low_4.5_2070,andesite,20,500,LP
594,LP_NS_LOW_E_2070_H_18,low_4.5_2070,andesite,20,1000,LP
595,LP_NS_LOW_E_2070_H_19,low_4.5_2070,andesite,50,50,LP
596,LP_NS_LOW_E_2070_H_20,low_4.5_2070,andesite,50,500,LP
597,LP_NS_LOW_E_2070_H_21,low_4.5_2070,andesite,50,1000,LP
598,LP_NS_LOW_E_2070_H_22,low_4.5_2070,andesite,100,50,LP
599,LP_NS_LOW_E_2070_H_23,low_4.5_2070,andesite,100,500,LP
600,LP_NS_LOW_E_2070_H_24,low_4.5_2070,andesite,100,1000,LP
601,LP_NS_MID_E_2070_H_1,mid_4.5_2070,rhyolite,10,50,LP
602,LP_NS_MID_E_2070_H_2,mid_4.5_2070,rhyolite,10,500,LP
603,LP_NS_MID_E_2070_H_3,mid_4.5_2070,rhyolite,10,1000,LP
604,LP_NS_MID_E_2070_H_4,mid_4.5_2070,rhyolite,20,50,LP
605,LP_NS_MID_E_2070_H_5,mid_4.5_2070,rhyolite,20,500,LP
606,LP_NS_MID_E_2070_H_6,mid_4.5_2070,rhyolite,20,1000,LP
607,LP_NS_MID_E_2070_H_7,mid_4.5_2070,rhyolite,50,50,LP
608,LP_NS_MID_E_2070_H_8,mid_4.5_2070,rhyolite,50,500,LP
609,LP_NS_MID_E_2070_H_9,mid_4.5_2070,rhyolite,50,1000,LP
610,LP_NS_MID_E_2070_H_10,mid_4.5_2070,rhyolite,100,50,LP
611,LP_NS_MID_E_2070_H_11,mid_4.5_2070,rhyolite,100,500,LP
612,LP_NS_MID_E_2070_H_12,mid_4.5_2070,rhyolite,100,1000,LP
613,LP_NS_MID_E_2070_H_13,mid_4.5_2070,andesite,10,50,LP
614,LP_NS_MID_E_2070_H_14,mid_4.5_2070,andesite,10,500,LP
615,LP_NS_MID_E_2070_H_15,mid_4.5_2070,andesite,10,1000,LP
616,LP_NS_MID_E_2070_H_16,mid_4.5_2070,andesite,20,50,LP
617,LP_NS_MID_E_2070_H_17,mid_4.5_2070,andesite,20,500,LP
618,LP_NS_MID_E_2070_H_18,mid_4.5_2070,andesite,20,1000,LP
619,LP_NS_MID_E_2070_H_19,mid_4.5_2070,andesite,50,50,LP
620,LP_NS_MID_E_2070_H_20,mid_4.5_2070,andesite,50,500,LP
621,LP_NS_MID_E_2070_H_21,mid_4.5_2070,andesite,50,1000,LP
622,LP_NS_MID_E_2070_H_22,mid_4.5_2070,andesite,100,50,LP
623,LP_NS_MID_E_2070_H_23,mid_4.5_2070,andesite,100,500,LP
624,LP_NS_MID_E_2070_H_24,mid_4.5_2070,andesite,100,1000,LP
625,LP_NS_HIGH_E_2070_H_1,high_4.5_2070,rhyolite,10,50,LP
626,LP_NS_HIGH_E_2070_H_2,high_4.5_2070,rhyolite,10,500,LP
627,LP_NS_HIGH_E_2070_H_3,high_4.5_2070,rhyolite,10,1000,LP
628,LP_NS_HIGH_E_2070_H_4,high_4.5_2070,rhyolite,20,50,LP
629,LP_NS_HIGH_E_2070_H_5,high_4.5_2070,rhyolite,20,500,LP
630,LP_NS_HIGH_E_2070_H_6,high_4.5_2070,rhyolite,20,1000,LP
631,LP_NS_HIGH_E_2070_H_7,high_4.5_2070,rhyolite,50,50,LP
632,LP_NS_HIGH_E_2070_H_8,high_4.5_2070,rhyolite,50,500,LP
633,LP_NS_HIGH_E_2070_H_9,high_4.5_2070,rhyolite,50,1000,LP
634,LP_NS_HIGH_E_2070_H_10,high_4.5_2070,rhyolite,100,50,LP
635,LP_NS_HIGH_E_2070_H_11,high_4.5_2070,rhyolite,100,500,LP
636,LP_NS_HIGH_E_2070_H_12,high_4.5_2070,rhyolite,100,1000,LP
637,LP_NS_HIGH_E_2070_H_13,high_4.5_2070,andesite,10,50,LP
638,LP_NS_HIGH_E_2070_H_14,high_4.5_2070,andesite,10,500,LP
639,LP_NS_HIGH_E_2070_H_15,high_4.5_2070,andesite,10,1000,LP
640,LP_NS_HIGH_E_2070_H_16,high_4.5_2070,andesite,20,50,LP
641,LP_NS_HIGH_E_2070_H_17,high_4.5_2070,andesite,20,500,LP
642,LP_NS_HIGH_E_2070_H_18,high_4.5_2070,andesite,20,1000,LP
643,LP_NS_HIGH_E_2070_H_19,high_4.5_2070,andesite,50,50,LP
644,LP_NS_HIGH_E_2070_H_20,high_4.5_2070,andesite,50,500,LP
645,LP_NS_HIGH_E_2070_H_21,high_4.5_2070,andesite,50,1000,LP
646,LP_NS_HIGH_E_2070_H_22,high_4.5_2070,andesite,100,50,LP
647,LP_NS_HIGH_E_2070_H_23,high_4.5_2070,andesite,100,500,LP
648,LP_NS_HIGH_E_2070_H_24,high_4.5_2070,andesite,100,1000,LP
649,LP_NS_LOW_E_2070_L_1,low_8_2070,rhyolite,10,50,LP
650,LP_NS_LOW_E_2070_L_2,low_8_2070,rhyolite,10,500,LP
651,LP_NS_LOW_E_2070_L_3,low_8_2070,rhyolite,10,1000,LP
652,LP_NS_LOW_E_2070_L_4,low_8_2070,rhyolite,20,50,LP
653,LP_NS_LOW_E_2070_L_5,low_8_2070,rhyolite,20,500,LP
654,LP_NS_LOW_E_2070_L_6,low_8_2070,rhyolite,20,1000,LP
655,LP_NS_LOW_E_2070_L_7,low_8_2070,rhyolite,50,50,LP
656,LP_NS_LOW_E_2070_L_8,low_8_2070,rhyolite,50,500,LP
657,LP_NS_LOW_E_2070_L_9,low_8_2070,rhyolite,50,1000,LP
658,LP_NS_LOW_E_2070_L_10,low_8_2070,rhyolite,100,50,LP
659,LP_NS_LOW_E_2070_L_11,low_8_2070,rhyolite,100,500,LP
660,LP_NS_LOW_E_2070_L_12,low_8_2070,rhyolite,100,1000,LP
661,LP_NS_LOW_E_2070_L_13,low_8_2070,andesite,10,50,LP
662,LP_NS_LOW_E_2070_L_14,low_8_2070,andesite,10,500,LP
663,LP_NS_LOW_E_2070_L_15,low_8_2070,andesite,10,1000,LP
664,LP_NS_LOW_E_2070_L_16,low_8_2070,andesite,20,50,LP
665,LP_NS_LOW_E_2070_L_17,low_8_2070,andesite,20,500,LP
666,LP_NS_LOW_E_2070_L_18,low_8_2070,andesite,20,1000,LP
667,LP_NS_LOW_E_2070_L_19,low_8_2070,andesite,50,50,LP
668,LP_NS_LOW_E_2070_L_20,low_8_2070,andesite,50,500,LP
669,LP_NS_LOW_E_2070_L_21,low_8_2070,andesite,50,1000,LP
670,LP_NS_LOW_E_2070_L_22,low_8_2070,andesite,100,50,LP
671,LP_NS_LOW_E_2070_L_23,low_8_2070,andesite,100,500,LP
672,LP_NS_LOW_E_2070_L_24,low_8_2070,andesite,100,1000,LP
673,LP_NS_MID_E_2070_L_1,mid_8_2070,rhyolite,10,50,LP
674,LP_NS_MID_E_2070_L_2,mid_8_2070,rhyolite,10,500,LP
675,LP_NS_MID_E_2070_L_3,mid_8_2070,rhyolite,10,1000,LP
676,LP_NS_MID_E_2070_L_4,mid_8_2070,rhyolite,20,50,LP
677,LP_NS_MID_E_2070_L_5,mid_8_2070,rhyolite,20,500,LP
678,LP_NS_MID_E_2070_L_6,mid_8_2070,rhyolite,20,1000,LP
679,LP_NS_MID_E_2070_L_7,mid_8_2070,rhyolite,50,50,LP
680,LP_NS_MID_E_2070_L_8,mid_8_2070,rhyolite,50,500,LP
681,LP_NS_MID_E_2070_L_9,mid_8_2070,rhyolite,50,1000,LP
682,LP_NS_MID_E_2070_L_10,mid_8_2070,rhyolite,100,50,LP
683,LP_NS_MID_E_2070_L_11,mid_8_2070,rhyolite,100,500,LP
684,LP_NS_MID_E_2070_L_12,mid_8_2070,rhyolite,100,1000,LP
685,LP_NS_MID_E_2070_L_13,mid_8_2070,andesite,10,50,LP
686,LP_NS_MID_E_2070_L_14,mid_8_2070,andesite,10,500,LP
687,LP_NS_MID_E_2070_L_15,mid_8_2070,andesite,10,1000,LP
688,LP_NS_MID_E_2070_L_16,mid_8_2070,andesite,20,50,LP
689,LP_NS_MID_E_2070_L_17,mid_8_2070,andesite,20,500,LP
690,LP_NS_MID_E_2070_L_18,mid_8_2070,andesite,20,1000,LP
691,LP_NS_MID_E_2070_L_19,mid_8_2070,andesite,50,50,LP
692,LP_NS_MID_E_2070_L_20,mid_8_2070,andesite,50,500,LP
693,LP_NS_MID_E_2070_L_21,mid_8_2070,andesite,50,1000,LP
694,LP_NS_MID_E_2070_L_22,mid_8_2070,andesite,100,50,LP
695,LP_NS_MID_E_2070_L_23,mid_8_2070,andesite,100,500,LP
696,LP_NS_MID_E_2070_L_24,mid_8_2070,andesite,100,1000,LP
697,LP_NS_HIGH_E_2070_L_1,high_8_2070,rhyolite,10,50,LP
698,LP_NS_HIGH_E_2070_L_2,high_8_2070,rhyolite,10,500,LP
699,LP_NS_HIGH_E_2070_L_3,high_8_2070,rhyolite,10,1000,LP
700,LP_NS_HIGH_E_2070_L_4,high_8_2070,rhyolite,20,50,LP
701,LP_NS_HIGH_E_2070_L_5,high_8_2070,rhyolite,20,500,LP
702,LP_NS_HIGH_E_2070_L_6,high_8_2070,rhyolite,20,1000,LP
703,LP_NS_HIGH_E_2070_L_7,high_8_2070,rhyolite,50,50,LP
704,LP_NS_HIGH_E_2070_L_8,high_8_2070,rhyolite,50,500,LP
705,LP_NS_HIGH_E_2070_L_9,high_8_2070,rhyolite,50,1000,LP
706,LP_NS_HIGH_E_2070_L_10,high_8_2070,rhyolite,100,50,LP
707,LP_NS_HIGH_E_2070_L_11,high_8_2070,rhyolite,100,500,LP
708,LP_NS_HIGH_E_2070_L_12,high_8_2070,rhyolite,100,1000,LP
709,LP_NS_HIGH_E_2070_L_13,high_8_2070,andesite,10,50,LP
710,LP_NS_HIGH_E_2070_L_14,high_8_2070,andesite,10,500,LP
711,LP_NS_HIGH_E_2070_L_15,high_8_2070,andesite,10,1000,LP
712,LP_NS_HIGH_E_2070_L_16,high_8_2070,andesite,20,50,LP
713,LP_NS_HIGH_E_2070_L_17,high_8_2070,andesite,20,500,LP
714,LP_NS_HIGH_E_2070_L_18,high_8_2070,andesite,20,1000,LP
715,LP_NS_HIGH_E_2070_L_19,high_8_2070,andesite,50,50,LP
716,LP_NS_HIGH_E_2070_L_20,high_8_2070,andesite,50,500,LP
717,LP_NS_HIGH_E_2070_L_21,high_8_2070,andesite,50,1000,LP
718,LP_NS_HIGH_E_2070_L_22,high_8_2070,andesite,100,50,LP
719,LP_NS_HIGH_E_2070_L_23,high_8_2070,andesite,100,500,LP
720,LP_NS_HIGH_E_2070_L_24,high_8_2070,andesite,100,1000,LP
721,DF_LOW_E_HIST_1,low_0_hist,rhyolite,10,50,DF
722,DF_LOW_E_HIST_2,low_0_hist,rhyolite,10,500,DF
723,DF_LOW_E_HIST_3,low_0_hist,rhyolite,10,1000,DF
724,DF_LOW_E_HIST_4,low_0_hist,rhyolite,20,50,DF
725,DF_LOW_E_HIST_5,low_0_hist,rhyolite,20,500,DF
726,DF_LOW_E_HIST_6,low_0_hist,rhyolite,20,1000,DF
727,DF_LOW_E_HIST_7,low_0_hist,rhyolite,50,50,DF
728,DF_LOW_E_HIST_8,low_0_hist,rhyolite,50,500,DF
729,DF_LOW_E_HIST_9,low_0_hist,rhyolite,50,1000,DF
730,DF_LOW_E_HIST_10,low_0_hist,rhyolite,100,50,DF
731,DF_LOW_E_HIST_11,low_0_hist,rhyolite,100,500,DF
732,DF_LOW_E_HIST_12,low_0_hist,rhyolite,100,1000,DF
733,DF_LOW_E_HIST_13,low_0_hist,andesite,10,50,DF
734,DF_LOW_E_HIST_14,low_0_hist,andesite,10,500,DF
735,DF_LOW_E_HIST_15,low_0_hist,andesite,10,1000,DF
736,DF_LOW_E_HIST_16,low_0_hist,andesite,20,50,DF
737,DF_LOW_E_HIST_17,low_0_hist,andesite,20,500,DF
738,DF_LOW_E_HIST_18,low_0_hist,andesite,20,1000,DF
739,DF_LOW_E_HIST_19,low_0_hist,andesite,50,50,DF
740,DF_LOW_E_HIST_20,low_0_hist,andesite,50,500,DF
741,DF_LOW_E_HIST_21,low_0_hist,andesite,50,1000,DF
742,DF_LOW_E_HIST_22,low_0_hist,andesite,100,50,DF
743,DF_LOW_E_HIST_23,low_0_hist,andesite,100,500,DF
744,DF_LOW_E_HIST_24,low_0_hist,andesite,100,1000,DF
745,DF_MID_E_HIST_1,med_0_hist,rhyolite,10,50,DF
746,DF_MID_E_HIST_2,med_0_hist,rhyolite,10,500,DF
747,DF_MID_E_HIST_3,med_0_hist,rhyolite,10,1000,DF
748,DF_MID_E_HIST_4,med_0_hist,rhyolite,20,50,DF
749,DF_MID_E_HIST_5,med_0_hist,rhyolite,20,500,DF
750,DF_MID_E_HIST_6,med_0_hist,rhyolite,20,1000,DF
751,DF_MID_E_HIST_7,med_0_hist,rhyolite,50,50,DF
752,DF_MID_E_HIST_8,med_0_hist,rhyolite,50,500,DF
753,DF_MID_E_HIST_9,med_0_hist,rhyolite,50,1000,DF
754,DF_MID_E_HIST_10,med_0_hist,rhyolite,100,50,DF
755,DF_MID_E_HIST_11,med_0_hist,rhyolite,100,500,DF
756,DF_MID_E_HIST_12,med_0_hist,rhyolite,100,1000,DF
757,DF_MID_E_HIST_13,med_0_hist,andesite,10,50,DF
758,DF_MID_E_HIST_14,med_0_hist,andesite,10,500,DF
759,DF_MID_E_HIST_15,med_0_hist,andesite,10,1000,DF
760,DF_MID_E_HIST_16,med_0_hist,andesite,20,50,DF
761,DF_MID_E_HIST_17,med_0_hist,andesite,20,500,DF
762,DF_MID_E_HIST_18,med_0_hist,andesite,20,1000,DF
763,DF_MID_E_HIST_19,med_0_hist,andesite,50,50,DF
764,DF_MID_E_HIST_20,med_0_hist,andesite,50,500,DF
765,DF_MID_E_HIST_21,med_0_hist,andesite,50,1000,DF
766,DF_MID_E_HIST_22,med_0_hist,andesite,100,50,DF
767,DF_MID_E_HIST_23,med_0_hist,andesite,100,500,DF
768,DF_MID_E_HIST_24,med_0_hist,andesite,100,1000,DF
769,DF_HIGH_E_HIST_1,high_0_hist,rhyolite,10,50,DF
770,DF_HIGH_E_HIST_2,high_0_hist,rhyolite,10,500,DF
771,DF_HIGH_E_HIST_3,high_0_hist,rhyolite,10,1000,DF
772,DF_HIGH_E_HIST_4,high_0_hist,rhyolite,20,50,DF
773,DF_HIGH_E_HIST_5,high_0_hist,rhyolite,20,500,DF
774,DF_HIGH_E_HIST_6,high_0_hist,rhyolite,20,1000,DF
775,DF_HIGH_E_HIST_7,high_0_hist,rhyolite,50,50,DF
776,DF_HIGH_E_HIST_8,high_0_hist,rhyolite,50,500,DF
777,DF_HIGH_E_HIST_9,high_0_hist,rhyolite,50,1000,DF
778,DF_HIGH_E_HIST_10,high_0_hist,rhyolite,100,50,DF
779,DF_HIGH_E_HIST_11,high_0_hist,rhyolite,100,500,DF
780,DF_HIGH_E_HIST_12,high_0_hist,rhyolite,100,1000,DF
781,DF_HIGH_E_HIST_13,high_0_hist,andesite,10,50,DF
782,DF_HIGH_E_HIST_14,high_0_hist,andesite,10,500,DF
783,DF_HIGH_E_HIST_15,high_0_hist,andesite,10,1000,DF
784,DF_HIGH_E_HIST_16,high_0_hist,andesite,20,50,DF
785,DF_HIGH_E_HIST_17,high_0_hist,andesite,20,500,DF
786,DF_HIGH_E_HIST_18,high_0_hist,andesite,20,1000,DF
787,DF_HIGH_E_HIST_19,high_0_hist,andesite,50,50,DF
788,DF_HIGH_E_HIST_20,high_0_hist,andesite,50,500,DF
789,DF_HIGH_E_HIST_21,high_0_hist,andesite,50,1000,DF
790,DF_HIGH_E_HIST_22,high_0_hist,andesite,100,50,DF
791,DF_HIGH_E_HIST_23,high_0_hist,andesite,100,500,DF
792,DF_HIGH_E_HIST_24,high_0_hist,andesite,100,1000,DF
793,DF_LOW_E_2030_H_1,low_4.5_2030,rhyolite,10,50,DF
794,DF_LOW_E_2030_H_2,low_4.5_2030,rhyolite,10,500,DF
795,DF_LOW_E_2030_H_3,low_4.5_2030,rhyolite,10,1000,DF
796,DF_LOW_E_2030_H_4,low_4.5_2030,rhyolite,20,50,DF
797,DF_LOW_E_2030_H_5,low_4.5_2030,rhyolite,20,500,DF
798,DF_LOW_E_2030_H_6,low_4.5_2030,rhyolite,20,1000,DF
799,DF_LOW_E_2030_H_7,low_4.5_2030,rhyolite,50,50,DF
800,DF_LOW_E_2030_H_8,low_4.5_2030,rhyolite,50,500,DF
801,DF_LOW_E_2030_H_9,low_4.5_2030,rhyolite,50,1000,DF
802,DF_LOW_E_2030_H_10,low_4.5_2030,rhyolite,100,50,DF
803,DF_LOW_E_2030_H_11,low_4.5_2030,rhyolite,100,500,DF
804,DF_LOW_E_2030_H_12,low_4.5_2030,rhyolite,100,1000,DF
805,DF_LOW_E_2030_H_13,low_4.5_2030,andesite,10,50,DF
806,DF_LOW_E_2030_H_14,low_4.5_2030,andesite,10,500,DF
807,DF_LOW_E_2030_H_15,low_4.5_2030,andesite,10,1000,DF
808,DF_LOW_E_2030_H_16,low_4.5_2030,andesite,20,50,DF
809,DF_LOW_E_2030_H_17,low_4.5_2030,andesite,20,500,DF
810,DF_LOW_E_2030_H_18,low_4.5_2030,andesite,20,1000,DF
811,DF_LOW_E_2030_H_19,low_4.5_2030,andesite,50,50,DF
812,DF_LOW_E_2030_H_20,low_4.5_2030,andesite,50,500,DF
813,DF_LOW_E_2030_H_21,low_4.5_2030,andesite,50,1000,DF
814,DF_LOW_E_2030_H_22,low_4.5_2030,andesite,100,50,DF
815,DF_LOW_E_2030_H_23,low_4.5_2030,andesite,100,500,DF
816,DF_LOW_E_2030_H_24,low_4.5_2030,andesite,100,1000,DF
817,DF_MID_E_2030_H_1,mid_4.5_2030,rhyolite,10,50,DF
818,DF_MID_E_2030_H_2,mid_4.5_2030,rhyolite,10,500,DF
819,DF_MID_E_2030_H_3,mid_4.5_2030,rhyolite,10,1000,DF
820,DF_MID_E_2030_H_4,mid_4.5_2030,rhyolite,20,50,DF
821,DF_MID_E_2030_H_5,mid_4.5_2030,rhyolite,20,500,DF
822,DF_MID_E_2030_H_6,mid_4.5_2030,rhyolite,20,1000,DF
823,DF_MID_E_2030_H_7,mid_4.5_2030,rhyolite,50,50,DF
824,DF_MID_E_2030_H_8,mid_4.5_2030,rhyolite,50,500,DF
825,DF_MID_E_2030_H_9,mid_4.5_2030,rhyolite,50,1000,DF
826,DF_MID_E_2030_H_10,mid_4.5_2030,rhyolite,100,50,DF
827,DF_MID_E_2030_H_11,mid_4.5_2030,rhyolite,100,500,DF
828,DF_MID_E_2030_H_12,mid_4.5_2030,rhyolite,100,1000,DF
829,DF_MID_E_2030_H_13,mid_4.5_2030,andesite,10,50,DF
830,DF_MID_E_2030_H_14,mid_4.5_2030,andesite,10,500,DF
831,DF_MID_E_2030_H_15,mid_4.5_2030,andesite,10,1000,DF
832,DF_MID_E_2030_H_16,mid_4.5_2030,andesite,20,50,DF
833,DF_MID_E_2030_H_17,mid_4.5_2030,andesite,20,500,DF
834,DF_MID_E_2030_H_18,mid_4.5_2030,andesite,20,1000,DF
835,DF_MID_E_2030_H_19,mid_4.5_2030,andesite,50,50,DF
836,DF_MID_E_2030_H_20,mid_4.5_2030,andesite,50,500,DF
837,DF_MID_E_2030_H_21,mid_4.5_2030,andesite,50,1000,DF
838,DF_MID_E_2030_H_22,mid_4.5_2030,andesite,100,50,DF
839,DF_MID_E_2030_H_23,mid_4.5_2030,andesite,100,500,DF
840,DF_MID_E_2030_H_24,mid_4.5_2030,andesite,100,1000,DF
841,DF_HIGH_E_2030_H_1,high_4.5_2030,rhyolite,10,50,DF
842,DF_HIGH_E_2030_H_2,high_4.5_2030,rhyolite,10,500,DF
843,DF_HIGH_E_2030_H_3,high_4.5_2030,rhyolite,10,1000,DF
844,DF_HIGH_E_2030_H_4,high_4.5_2030,rhyolite,20,50,DF
845,DF_HIGH_E_2030_H_5,high_4.5_2030,rhyolite,20,500,DF
846,DF_HIGH_E_2030_H_6,high_4.5_2030,rhyolite,20,1000,DF
847,DF_HIGH_E_2030_H_7,high_4.5_2030,rhyolite,50,50,DF
848,DF_HIGH_E_2030_H_8,high_4.5_2030,rhyolite,50,500,DF
849,DF_HIGH_E_2030_H_9,high_4.5_2030,rhyolite,50,1000,DF
850,DF_HIGH_E_2030_H_10,high_4.5_2030,rhyolite,100,50,DF
851,DF_HIGH_E_2030_H_11,high_4.5_2030,rhyolite,100,500,DF
852,DF_HIGH_E_2030_H_12,high_4.5_2030,rhyolite,100,1000,DF
853,DF_HIGH_E_2030_H_13,high_4.5_2030,andesite,10,50,DF
854,DF_HIGH_E_2030_H_14,high_4.5_2030,andesite,10,500,DF
855,DF_HIGH_E_2030_H_15,high_4.5_2030,andesite,10,1000,DF
856,DF_HIGH_E_2030_H_16,high_4.5_2030,andesite,20,50,DF
857,DF_HIGH_E_2030_H_17,high_4.5_2030,andesite,20,500,DF
858,DF_HIGH_E_2030_H_18,high_4.5_2030,andesite,20,1000,DF
859,DF_HIGH_E_2030_H_19,high_4.5_2030,andesite,50,50,DF
860,DF_HIGH_E_2030_H_20,high_4.5_2030,andesite,50,500,DF
861,DF_HIGH_E_2030_H_21,high_4.5_2030,andesite,50,1000,DF
862,DF_HIGH_E_2030_H_22,high_4.5_2030,andesite,100,50,DF
863,DF_HIGH_E_2030_H_23,high_4.5_2030,andesite,100,500,DF
864,DF_HIGH_E_2030_H_24,high_4.5_2030,andesite,100,1000,DF
865,DF_LOW_E_2030_L_1,low_8_2030,rhyolite,10,50,DF
866,DF_LOW_E_2030_L_2,low_8_2030,rhyolite,10,500,DF
867,DF_LOW_E_2030_L_3,low_8_2030,rhyolite,10,1000,DF
868,DF_LOW_E_2030_L_4,low_8_2030,rhyolite,20,50,DF
869,DF_LOW_E_2030_L_5,low_8_2030,rhyolite,20,500,DF
870,DF_LOW_E_2030_L_6,low_8_2030,rhyolite,20,1000,DF
871,DF_LOW_E_2030_L_7,low_8_2030,rhyolite,50,50,DF
872,DF_LOW_E_2030_L_8,low_8_2030,rhyolite,50,500,DF
873,DF_LOW_E_2030_L_9,low_8_2030,rhyolite,50,1000,DF
874,DF_LOW_E_2030_L_10,low_8_2030,rhyolite,100,50,DF
875,DF_LOW_E_2030_L_11,low_8_2030,rhyolite,100,500,DF
876,DF_LOW_E_2030_L_12,low_8_2030,rhyolite,100,1000,DF
877,DF_LOW_E_2030_L_13,low_8_2030,andesite,10,50,DF
878,DF_LOW_E_2030_L_14,low_8_2030,andesite,10,500,DF
879,DF_LOW_E_2030_L_15,low_8_2030,andesite,10,1000,DF
880,DF_LOW_E_2030_L_16,low_8_2030,andesite,20,50,DF
881,DF_LOW_E_2030_L_17,low_8_2030,andesite,20,500,DF
882,DF_LOW_E_2030_L_18,low_8_2030,andesite,20,1000,DF
883,DF_LOW_E_2030_L_19,low_8_2030,andesite,50,50,DF
884,DF_LOW_E_2030_L_20,low_8_2030,andesite,50,500,DF
885,DF_LOW_E_2030_L_21,low_8_2030,andesite,50,1000,DF
886,DF_LOW_E_2030_L_22,low_8_2030,andesite,100,50,DF
887,DF_LOW_E_2030_L_23,low_8_2030,andesite,100,500,DF
888,DF_LOW_E_2030_L_24,low_8_2030,andesite,100,1000,DF
889,DF_MID_E_2030_L_1,mid_8_2030,rhyolite,10,50,DF
890,DF_MID_E_2030_L_2,mid_8_2030,rhyolite,10,500,DF
891,DF_MID_E_2030_L_3,mid_8_2030,rhyolite,10,1000,DF
892,DF_MID_E_2030_L_4,mid_8_2030,rhyolite,20,50,DF
893,DF_MID_E_2030_L_5,mid_8_2030,rhyolite,20,500,DF
894,DF_MID_E_2030_L_6,mid_8_2030,rhyolite,20,1000,DF
895,DF_MID_E_2030_L_7,mid_8_2030,rhyolite,50,50,DF
896,DF_MID_E_2030_L_8,mid_8_2030,rhyolite,50,500,DF
897,DF_MID_E_2030_L_9,mid_8_2030,rhyolite,50,1000,DF
898,DF_MID_E_2030_L_10,mid_8_2030,rhyolite,100,50,DF
899,DF_MID_E_2030_L_11,mid_8_2030,rhyolite,100,500,DF
900,DF_MID_E_2030_L_12,mid_8_2030,rhyolite,100,1000,DF
901,DF_MID_E_2030_L_13,mid_8_2030,andesite,10,50,DF
902,DF_MID_E_2030_L_14,mid_8_2030,andesite,10,500,DF
903,DF_MID_E_2030_L_15,mid_8_2030,andesite,10,1000,DF
904,DF_MID_E_2030_L_16,mid_8_2030,andesite,20,50,DF
905,DF_MID_E_2030_L_17,mid_8_2030,andesite,20,500,DF
906,DF_MID_E_2030_L_18,mid_8_2030,andesite,20,1000,DF
907,DF_MID_E_2030_L_19,mid_8_2030,andesite,50,50,DF
908,DF_MID_E_2030_L_20,mid_8_2030,andesite,50,500,DF
909,DF_MID_E_2030_L_21,mid_8_2030,andesite,50,1000,DF
910,DF_MID_E_2030_L_22,mid_8_2030,andesite,100,50,DF
911,DF_MID_E_2030_L_23,mid_8_2030,andesite,100,500,DF
912,DF_MID_E_2030_L_24,mid_8_2030,andesite,100,1000,DF
913,DF_HIGH_E_2030_L_1,high_8_2030,rhyolite,10,50,DF
914,DF_HIGH_E_2030_L_2,high_8_2030,rhyolite,10,500,DF
915,DF_HIGH_E_2030_L_3,high_8_2030,rhyolite,10,1000,DF
916,DF_HIGH_E_2030_L_4,high_8_2030,rhyolite,20,50,DF
917,DF_HIGH_E_2030_L_5,high_8_2030,rhyolite,20,500,DF
918,DF_HIGH_E_2030_L_6,high_8_2030,rhyolite,20,1000,DF
919,DF_HIGH_E_2030_L_7,high_8_2030,rhyolite,50,50,DF
920,DF_HIGH_E_2030_L_8,high_8_2030,rhyolite,50,500,DF
921,DF_HIGH_E_2030_L_9,high_8_2030,rhyolite,50,1000,DF
922,DF_HIGH_E_2030_L_10,high_8_2030,rhyolite,100,50,DF
923,DF_HIGH_E_2030_L_11,high_8_2030,rhyolite,100,500,DF
924,DF_HIGH_E_2030_L_12,high_8_2030,rhyolite,100,1000,DF
925,DF_HIGH_E_2030_L_13,high_8_2030,andesite,10,50,DF
926,DF_HIGH_E_2030_L_14,high_8_2030,andesite,10,500,DF
927,DF_HIGH_E_2030_L_15,high_8_2030,andesite,10,1000,DF
928,DF_HIGH_E_2030_L_16,high_8_2030,andesite,20,50,DF
929,DF_HIGH_E_2030_L_17,high_8_2030,andesite,20,500,DF
930,DF_HIGH_E_2030_L_18,high_8_2030,andesite,20,1000,DF
931,DF_HIGH_E_2030_L_19,high_8_2030,andesite,50,50,DF
932,DF_HIGH_E_2030_L_20,high_8_2030,andesite,50,500,DF
933,DF_HIGH_E_2030_L_21,high_8_2030,andesite,50,1000,DF
934,DF_HIGH_E_2030_L_22,high_8_2030,andesite,100,50,DF
935,DF_HIGH_E_2030_L_23,high_8_2030,andesite,100,500,DF
936,DF_HIGH_E_2030_L_24,high_8_2030,andesite,100,1000,DF
937,DF_LOW_E_2070_H_1,low_4.5_2070,rhyolite,10,50,DF
938,DF_LOW_E_2070_H_2,low_4.5_2070,rhyolite,10,500,DF
939,DF_LOW_E_2070_H_3,low_4.5_2070,rhyolite,10,1000,DF
940,DF_LOW_E_2070_H_4,low_4.5_2070,rhyolite,20,50,DF
941,DF_LOW_E_2070_H_5,low_4.5_2070,rhyolite,20,500,DF
942,DF_LOW_E_2070_H_6,low_4.5_2070,rhyolite,20,1000,DF
943,DF_LOW_E_2070_H_7,low_4.5_2070,rhyolite,50,50,DF
944,DF_LOW_E_2070_H_8,low_4.5_2070,rhyolite,50,500,DF
945,DF_LOW_E_2070_H_9,low_4.5_2070,rhyolite,50,1000,DF
946,DF_LOW_E_2070_H_10,low_4.5_2070,rhyolite,100,50,DF
947,DF_LOW_E_2070_H_11,low_4.5_2070,rhyolite,100,500,DF
948,DF_LOW_E_2070_H_12,low_4.5_2070,rhyolite,100,1000,DF
949,DF_LOW_E_2070_H_13,low_4.5_2070,andesite,10,50,DF
950,DF_LOW_E_2070_H_14,low_4.5_2070,andesite,10,500,DF
951,DF_LOW_E_2070_H_15,low_4.5_2070,andesite,10,1000,DF
952,DF_LOW_E_2070_H_16,low_4.5_2070,andesite,20,50,DF
953,DF_LOW_E_2070_H_17,low_4.5_2070,andesite,20,500,DF
954,DF_LOW_E_2070_H_18,low_4.5_2070,andesite,20,1000,DF
955,DF_LOW_E_2070_H_19,low_4.5_2070,andesite,50,50,DF
956,DF_LOW_E_2070_H_20,low_4.5_2070,andesite,50,500,DF
957,DF_LOW_E_2070_H_21,low_4.5_2070,andesite,50,1000,DF
958,DF_LOW_E_2070_H_22,low_4.5_2070,andesite,100,50,DF
959,DF_LOW_E_2070_H_23,low_4.5_2070,andesite,100,500,DF
960,DF_LOW_E_2070_H_24,low_4.5_2070,andesite,100,1000,DF
961,DF_MID_E_2070_H_1,mid_4.5_2070,rhyolite,10,50,DF
962,DF_MID_E_2070_H_2,mid_4.5_2070,rhyolite,10,500,DF
963,DF_MID_E_2070_H_3,mid_4.5_2070,rhyolite,10,1000,DF
964,DF_MID_E_2070_H_4,mid_4.5_2070,rhyolite,20,50,DF
965,DF_MID_E_2070_H_5,mid_4.5_2070,rhyolite,20,500,DF
966,DF_MID_E_2070_H_6,mid_4.5_2070,rhyolite,20,1000,DF
967,DF_MID_E_2070_H_7,mid_4.5_2070,rhyolite,50,50,DF
968,DF_MID_E_2070_H_8,mid_4.5_2070,rhyolite,50,500,DF
969,DF_MID_E_2070_H_9,mid_4.5_2070,rhyolite,50,1000,DF
970,DF_MID_E_2070_H_10,mid_4.5_2070,rhyolite,100,50,DF
971,DF_MID_E_2070_H_11,mid_4.5_2070,rhyolite,100,500,DF
972,DF_MID_E_2070_H_12,mid_4.5_2070,rhyolite,100,1000,DF
973,DF_MID_E_2070_H_13,mid_4.5_2070,andesite,10,50,DF
974,DF_MID_E_2070_H_14,mid_4.5_2070,andesite,10,500,DF
975,DF_MID_E_2070_H_15,mid_4.5_2070,andesite,10,1000,DF
976,DF_MID_E_2070_H_16,mid_4.5_2070,andesite,20,50,DF
977,DF_MID_E_2070_H_17,mid_4.5_2070,andesite,20,500,DF
978,DF_MID_E_2070_H_18,mid_4.5_2070,andesite,20,1000,DF
979,DF_MID_E_2070_H_19,mid_4.5_2070,andesite,50,50,DF
980,DF_MID_E_2070_H_20,mid_4.5_2070,andesite,50,500,DF
981,DF_MID_E_2070_H_21,mid_4.5_2070,andesite,50,1000,DF
982,DF_MID_E_2070_H_22,mid_4.5_2070,andesite,100,50,DF
983,DF_MID_E_2070_H_23,mid_4.5_2070,andesite,100,500,DF
984,DF_MID_E_2070_H_24,mid_4.5_2070,andesite,100,1000,DF
985,DF_HIGH_E_2070_H_1,high_4.5_2070,rhyolite,10,50,DF
986,DF_HIGH_E_2070_H_2,high_4.5_2070,rhyolite,10,500,DF
987,DF_HIGH_E_2070_H_3,high_4.5_2070,rhyolite,10,1000,DF
988,DF_HIGH_E_2070_H_4,high_4.5_2070,rhyolite,20,50,DF
989,DF_HIGH_E_2070_H_5,high_4.5_2070,rhyolite,20,500,DF
990,DF_HIGH_E_2070_H_6,high_4.5_2070,rhyolite,20,1000,DF
991,DF_HIGH_E_2070_H_7,high_4.5_2070,rhyolite,50,50,DF
992,DF_HIGH_E_2070_H_8,high_4.5_2070,rhyolite,50,500,DF
993,DF_HIGH_E_2070_H_9,high_4.5_2070,rhyolite,50,1000,DF
994,DF_HIGH_E_2070_H_10,high_4.5_2070,rhyolite,100,50,DF
995,DF_HIGH_E_2070_H_11,high_4.5_2070,rhyolite,100,500,DF
996,DF_HIGH_E_2070_H_12,high_4.5_2070,rhyolite,100,1000,DF
997,DF_HIGH_E_2070_H_13,high_4.5_2070,andesite,10,50,DF
998,DF_HIGH_E_2070_H_14,high_4.5_2070,andesite,10,500,DF
999,DF_HIGH_E_2070_H_15,high_4.5_2070,andesite,10,1000,DF
1000,DF_HIGH_E_2070_H_16,high_4.5_2070,andesite,20,50,DF
1001,DF_HIGH_E_2070_H_17,high_4.5_2070,andesite,20,500,DF
1002,DF_HIGH_E_2070_H_18,high_4.5_2070,andesite,20,1000,DF
1003,DF_HIGH_E_2070_H_19,high_4.5_2070,andesite,50,50,DF
1004,DF_HIGH_E_2070_H_20,high_4.5_2070,andesite,50,500,DF
1005,DF_HIGH_E_2070_H_21,high_4.5_2070,andesite,50,1000,DF
1006,DF_HIGH_E_2070_H_22,high_4.5_2070,andesite,100,50,DF
1007,DF_HIGH_E_2070_H_23,high_4.5_2070,andesite,100,500,DF
1008,DF_HIGH_E_2070_H_24,high_4.5_2070,andesite,100,1000,DF
1009,DF_LOW_E_2070_L_1,low_8_2070,rhyolite,10,50,DF
1010,DF_LOW_E_2070_L_2,low_8_2070,rhyolite,10,500,DF
1011,DF_LOW_E_2070_L_3,low_8_2070,rhyolite,10,1000,DF
1012,DF_LOW_E_2070_L_4,low_8_2070,rhyolite,20,50,DF
1013,DF_LOW_E_2070_L_5,low_8_2070,rhyolite,20,500,DF
1014,DF_LOW_E_2070_L_6,low_8_2070,rhyolite,20,1000,DF
1015,DF_LOW_E_2070_L_7,low_8_2070,rhyolite,50,50,DF
1016,DF_LOW_E_2070_L_8,low_8_2070,rhyolite,50,500,DF
1017,DF_LOW_E_2070_L_9,low_8_2070,rhyolite,50,1000,DF
1018,DF_LOW_E_2070_L_10,low_8_2070,rhyolite,100,50,DF
1019,DF_LOW_E_2070_L_11,low_8_2070,rhyolite,100,500,DF
1020,DF_LOW_E_2070_L_12,low_8_2070,rhyolite,100,1000,DF
1021,DF_LOW_E_2070_L_13,low_8_2070,andesite,10,50,DF
1022,DF_LOW_E_2070_L_14,low_8_2070,andesite,10,500,DF
1023,DF_LOW_E_2070_L_15,low_8_2070,andesite,10,1000,DF
1024,DF_LOW_E_2070_L_16,low_8_2070,andesite,20,50,DF
1025,DF_LOW_E_2070_L_17,low_8_2070,andesite,20,500,DF
1026,DF_LOW_E_2070_L_18,low_8_2070,andesite,20,1000,DF
1027,DF_LOW_E_2070_L_19,low_8_2070,andesite,50,50,DF
1028,DF_LOW_E_2070_L_20,low_8_2070,andesite,50,500,DF
1029,DF_LOW_E_2070_L_21,low_8_2070,andesite,50,1000,DF
1030,DF_LOW_E_2070_L_22,low_8_2070,andesite,100,50,DF
1031,DF_LOW_E_2070_L_23,low_8_2070,andesite,100,500,DF
1032,DF_LOW_E_2070_L_24,low_8_2070,andesite,100,1000,DF
1033,DF_MID_E_2070_L_1,mid_8_2070,rhyolite,10,50,DF
1034,DF_MID_E_2070_L_2,mid_8_2070,rhyolite,10,500,DF
1035,DF_MID_E_2070_L_3,mid_8_2070,rhyolite,10,1000,DF
1036,DF_MID_E_2070_L_4,mid_8_2070,rhyolite,20,50,DF
1037,DF_MID_E_2070_L_5,mid_8_2070,rhyolite,20,500,DF
1038,DF_MID_E_2070_L_6,mid_8_2070,rhyolite,20,1000,DF
1039,DF_MID_E_2070_L_7,mid_8_2070,rhyolite,50,50,DF
1040,DF_MID_E_2070_L_8,mid_8_2070,rhyolite,50,500,DF
1041,DF_MID_E_2070_L_9,mid_8_2070,rhyolite,50,1000,DF
1042,DF_MID_E_2070_L_10,mid_8_2070,rhyolite,100,50,DF
1043,DF_MID_E_2070_L_11,mid_8_2070,rhyolite,100,500,DF
1044,DF_MID_E_2070_L_12,mid_8_2070,rhyolite,100,1000,DF
1045,DF_MID_E_2070_L_13,mid_8_2070,andesite,10,50,DF
1046,DF_MID_E_2070_L_14,mid_8_2070,andesite,10,500,DF
1047,DF_MID_E_2070_L_15,mid_8_2070,andesite,10,1000,DF
1048,DF_MID_E_2070_L_16,mid_8_2070,andesite,20,50,DF
1049,DF_MID_E_2070_L_17,mid_8_2070,andesite,20,500,DF
1050,DF_MID_E_2070_L_18,mid_8_2070,andesite,20,1000,DF
1051,DF_MID_E_2070_L_19,mid_8_2070,andesite,50,50,DF
1052,DF_MID_E_2070_L_20,mid_8_2070,andesite,50,500,DF
1053,DF_MID_E_2070_L_21,mid_8_2070,andesite,50,1000,DF
1054,DF_MID_E_2070_L_22,mid_8_2070,andesite,100,50,DF
1055,DF_MID_E_2070_L_23,mid_8_2070,andesite,100,500,DF
1056,DF_MID_E_2070_L_24,mid_8_2070,andesite,100,1000,DF
1057,DF_HIGH_E_2070_L_1,high_8_2070,rhyolite,10,50,DF
1058,DF_HIGH_E_2070_L_2,high_8_2070,rhyolite,10,500,DF
1059,DF_HIGH_E_2070_L_3,high_8_2070,rhyolite,10,1000,DF
1060,DF_HIGH_E_2070_L_4,high_8_2070,rhyolite,20,50,DF
1061,DF_HIGH_E_2070_L_5,high_8_2070,rhyolite,20,500,DF
1062,DF_HIGH_E_2070_L_6,high_8_2070,rhyolite,20,1000,DF
1063,DF_HIGH_E_2070_L_7,high_8_2070,rhyolite,50,50,DF
1064,DF_HIGH_E_2070_L_8,high_8_2070,rhyolite,50,500,DF
1065,DF_HIGH_E_2070_L_9,high_8_2070,rhyolite,50,1000,DF
1066,DF_HIGH_E_2070_L_10,high_8_2070,rhyolite,100,50,DF
1067,DF_HIGH_E_2070_L_11,high_8_2070,rhyolite,100,500,DF
1068,DF_HIGH_E_2070_L_12,high_8_2070,rhyolite,100,1000,DF
1069,DF_HIGH_E_2070_L_13,high_8_2070,andesite,10,50,DF
1070,DF_HIGH_E_2070_L_14,high_8_2070,andesite,10,500,DF
1071,DF_HIGH_E_2070_L_15,high_8_2070,andesite,10,1000,DF
1072,DF_HIGH_E_2070_L_16,high_8_2070,andesite,20,50,DF
1073,DF_HIGH_E_2070_L_17,high_8_2070,andesite,20,500,DF
1074,DF_HIGH_E_2070_L_18,high_8_2070,andesite,20,1000,DF
1075,DF_HIGH_E_2070_L_19,high_8_2070,andesite,50,50,DF
1076,DF_HIGH_E_2070_L_20,high_8_2070,andesite,50,500,DF
1077,DF_HIGH_E_2070_L_21,high_8_2070,andesite,50,1000,DF
1078,DF_HIGH_E_2070_L_22,high_8_2070,andesite,100,50,DF
1079,DF_HIGH_E_2070_L_23,high_8_2070,andesite,100,500,DF
1080,DF_HIGH_E_2070_L_24,high_8_2070,andesite,100,1000,DF
